,bizesId,bizesNm,brchNm,indsLclsCd,indsLclsNm,indsMclsCd,indsMclsNm,indsSclsCd,indsSclsNm,ksicCd,ksicNm,ctprvnCd,ctprvnNm,signguCd,signguNm,adongCd,adongNm,ldongCd,ldongNm,lnoCd,plotSctCd,plotSctNm,lnoMnno,lnoSlno,lnoAdr,rdnmCd,rdnm,bldMnno,bldSlno,bldMngNo,bldNm,rdnmAdr,oldZipcd,newZipcd,dongNo,flrNo,hoNo,lon,lat,naver_keyword,naver_map_url,naver_store_type,naver_blog_review_qty
4,11789029,친구,,Q,음식,Q09,유흥주점,Q09A01,호프/맥주,I56219,기타 주점업,11,서울특별시,11590,동작구,1159053000,상도1동,1159010200,상도동,1159010200105010001,1,대지,501,1,서울특별시 동작구 상도동 501-1,115903119004,서울특별시 동작구 사당로,8,,1159010200105010001020912,,서울특별시 동작구 사당로 8,156030,07027,,4,,126.955293492757,37.4953142829304,친구%20상도1동,https://m.place.naver.com/restaurant/1672155072,생활체육,16
5,11792428,보물쌈,상도동점,Q,음식,Q01,한식,Q01A08,족발/보쌈전문,I56111,한식 음식점업,11,서울특별시,11590,동작구,1159053000,상도1동,1159010300,상도1동,1159010300103890012,1,대지,389,12,서울특별시 동작구 상도1동 389-12,115903119005,서울특별시 동작구 상도로,296,2,1159010200101590170029313,계경목장,서울특별시 동작구 상도로 296-2,156031,07032,,2,,126.948935052548,37.5011687650332,보물쌈%20상도1동,https://m.place.naver.com/restaurant/19763907,"족발,보쌈",157
6,11793476,풍년집,,Q,음식,Q01,한식,Q01A01,한식/백반/한정식,I56111,한식 음식점업,11,서울특별시,11590,동작구,1159053000,상도1동,1159010200,상도동,1159010200105000016,1,대지,500,16,서울특별시 동작구 상도동 500-16,115903119005,서울특별시 동작구 상도로,383,,1159010200105000016019770,,서울특별시 동작구 상도로 383,156030,07027,,1,,126.955105534689,37.4950062634461,풍년집%20상도1동,https://m.place.naver.com/restaurant/1343922803,"육류,고기요리",2
12,11911274,취향,,Q,음식,Q02,중식,Q02A00,중국음식/중국집,I56112,중식 음식점업,11,서울특별시,11590,동작구,1159053000,상도1동,1159010200,상도동,1159010200105010002,1,대지,501,2,서울특별시 동작구 상도동 501-2,115903119004,서울특별시 동작구 사당로,6,1,1159010200105010002019642,,서울특별시 동작구 사당로 6-1,156030,07027,,2,,126.955157552813,37.4953311016695,취향%20상도1동,https://m.place.naver.com/restaurant/37873958,중식당,218
13,11917318,지코바양념치킨,상도1호점,Q,음식,Q09,유흥주점,Q09A01,호프/맥주,I56219,기타 주점업,11,서울특별시,11590,동작구,1159053000,상도1동,1159010300,상도1동,1159010300103670001,1,대지,367,1,서울특별시 동작구 상도1동 367-1,115904157348,서울특별시 동작구 상도로37길,32,,1159010300103670001029261,모가화장품,서울특별시 동작구 상도로37길 32,156836,06970,,1,,126.950227727425,37.5009279662358,지코바양념치킨%20상도1동,https://m.place.naver.com/restaurant/37898315,"치킨,닭강정",76
15,11931445,스타벅스숭실대입구역점,숭실대입구역점,Q,음식,Q12,커피점/카페,Q12A01,커피전문점/카페/다방,I56220,비알콜 음료점업,11,서울특별시,11590,동작구,1159053000,상도1동,1159010200,상도동,1159010200104750005,1,대지,475,5,서울특별시 동작구 상도동 475-5,115903119005,서울특별시 동작구 상도로,354,,1159010200104750004020804,재원어린이집,서울특별시 동작구 상도로 354,156030,07040,,1,,126.952704694419,37.4968681980081,스타벅스숭실대입구역점%20상도1동,https://m.place.naver.com/restaurant/37391902,카페,"2,915"
16,11953292,커피나무,,Q,음식,Q12,커피점/카페,Q12A01,커피전문점/카페/다방,I56220,비알콜 음료점업,11,서울특별시,11590,동작구,1159053000,상도1동,1159010300,상도1동,1159010300103920000,1,대지,392,,서울특별시 동작구 상도1동 392,115903119005,서울특별시 동작구 상도로,297,1,1159010300103920000000001,김엔한스가,서울특별시 동작구 상도로 297-1,156836,06970,,1,,126.949680767382,37.5012204503913,커피나무%20상도1동,https://m.place.naver.com/restaurant/783672064,카페,257
18,11975979,신전떡볶이,숭실대점,Q,음식,Q08,제과제빵떡케익,Q08A04,떡/한과집,I56191,제과점업,11,서울특별시,11590,동작구,1159053000,상도1동,1159010200,상도동,1159010200104940001,1,대지,494,1,서울특별시 동작구 상도동 494-1,115903119005,서울특별시 동작구 상도로,372,3,1159010200104940001019381,,서울특별시 동작구 상도로 372-3,156030,07040,,,,126.953776666536,37.4954179956185,신전떡볶이%20상도1동,https://m.place.naver.com/restaurant/38325757,분식,505
19,11984505,유프,,Q,음식,Q12,커피점/카페,Q12A01,커피전문점/카페/다방,I56220,비알콜 음료점업,11,서울특별시,11590,동작구,1159053000,상도1동,1159010200,상도동,1159010200100070085,1,대지,7,85,서울특별시 동작구 상도동 7-85,115903119010,서울특별시 동작구 흑석로,27,,1159010200100070085028927,,서울특별시 동작구 흑석로 27,156030,06912,,2,,126.953720306331,37.505130809993,유프%20상도1동,https://m.place.naver.com/restaurant/1496486342,"카페,디저트",12
32,12036331,알렉스플레이스,,Q,음식,Q01,한식,Q01A01,한식/백반/한정식,I56111,한식 음식점업,11,서울특별시,11590,동작구,1159053000,상도1동,1159010300,상도1동,1159010300103660004,1,대지,366,4,서울특별시 동작구 상도1동 366-4,115904157348,서울특별시 동작구 상도로37길,31,,1159010300103660004029263,횡성축산물직판장,서울특별시 동작구 상도로37길 31,156031,06970,,1,,126.950362291179,37.5010102564342,알렉스플레이스%20상도1동,https://m.place.naver.com/restaurant/38522538,햄버거,94
39,12066187,브레댄코,숭실대입구역점,Q,음식,Q08,제과제빵떡케익,Q08A01,제과점,I56191,제과점업,11,서울특별시,11590,동작구,1159053000,상도1동,1159010200,상도동,1159010200105140000,1,대지,514,,서울특별시 동작구 상도동 514,115903119005,서울특별시 동작구 상도로,365,2,1159010200105150000000001,7호선숭실대입구역,서울특별시 동작구 상도로 365-2,156030,07040,,B1,,126.954042641449,37.4958078024852,브레댄코%20상도1동,https://m.place.naver.com/restaurant/1398614705,베이커리,697
46,12100768,카페디차,,Q,음식,Q12,커피점/카페,Q12A01,커피전문점/카페/다방,I56220,비알콜 음료점업,11,서울특별시,11590,동작구,1159053000,상도1동,1159010300,상도1동,1159010300104420001,1,대지,442,1,서울특별시 동작구 상도1동 442-1,115904157364,서울특별시 동작구 상도로47길,89,,1159010300104420001029232,,서울특별시 동작구 상도로47길 89,156031,06969,,1,,126.951723731379,37.5031308008449,카페디차%20상도1동,https://m.place.naver.com/restaurant/1626556165,"카페,디저트",8
47,12102984,프라이밋,,Q,음식,Q06,양식,Q06A01,정통양식/경양식,I56114,서양식 음식점업,11,서울특별시,11590,동작구,1159053000,상도1동,1159010300,상도1동,1159010300102650001,1,대지,265,1,서울특별시 동작구 상도1동 265-1,115904157348,서울특별시 동작구 상도로37길,42,,1159010300102650001034399,,서울특별시 동작구 상도로37길 42,156031,06970,,1,,126.951009165892,37.5000428694403,프라이밋%20상도1동,https://m.place.naver.com/restaurant/1826405755,양식,114
48,12106436,갓프레소,,Q,음식,Q12,커피점/카페,Q12A01,커피전문점/카페/다방,I56220,비알콜 음료점업,11,서울특별시,11590,동작구,1159053000,상도1동,1159010300,상도1동,1159010300104280004,1,대지,428,4,서울특별시 동작구 상도1동 428-4,115904157356,서울특별시 동작구 상도로41길,24,,1159010300104280004029002,,서울특별시 동작구 상도로41길 24,156836,06970,,1,,126.950461753654,37.5019842731828,갓프레소%20상도1동,https://m.place.naver.com/restaurant/1198996797,카페,28
51,12115383,신의주찹쌀순대,,Q,음식,Q10,별식/퓨전요리,Q10A05,순대전문점,I56111,한식 음식점업,11,서울특별시,11590,동작구,1159053000,상도1동,1159010200,상도동,1159010200105050009,1,대지,505,9,서울특별시 동작구 상도동 505-9,115904157384,서울특별시 동작구 상도로61길,37,,1159010200105050009020104,트릭PC,서울특별시 동작구 상도로61길 37,156881,07027,,1,,126.957018108479,37.4949060282969,신의주찹쌀순대%20상도1동,https://m.place.naver.com/restaurant/1003190730,"순대,순댓국",162
60,12125407,풍년집,,Q,음식,Q01,한식,Q01A01,한식/백반/한정식,I56111,한식 음식점업,11,서울특별시,11590,동작구,1159053000,상도1동,1159010200,상도동,1159010200101590026,1,대지,159,26,서울특별시 동작구 상도동 159-26,115903119005,서울특별시 동작구 상도로,306,,1159010200101590026029319,성창C&C,서울특별시 동작구 상도로 306,156836,07032,,1,,126.949555291757,37.5004894848872,풍년집%20상도1동,https://m.place.naver.com/restaurant/1343922803,"육류,고기요리",2
70,12263986,준호네떡볶이,,Q,음식,Q04,분식,Q04A03,떡볶이전문,I56194,분식 및 김밥 전문점,11,서울특별시,11590,동작구,1159053000,상도1동,1159010200,상도동,1159010200104880000,1,대지,488,,서울특별시 동작구 상도동 488,115903119005,서울특별시 동작구 상도로,357,,1159010200104880000020705,강남상가아파트,서울특별시 동작구 상도로 357,156881,06978,,1,,126.95349547457,37.4969292690837,준호네떡볶이%20상도1동,https://m.place.naver.com/restaurant/37370414,떡볶이,93
88,12420510,터널돼지갈비,,Q,음식,Q01,한식,Q01A02,갈비/삼겹살,I56111,한식 음식점업,11,서울특별시,11590,동작구,1159053000,상도1동,1159010300,상도1동,1159010300107210001,1,대지,721,1,서울특별시 동작구 상도1동 721-1,115903005080,서울특별시 동작구 양녕로,247,1,1159010300107210001029295,,서울특별시 동작구 양녕로 247-1,156871,06965,,1,,126.946751634318,37.5028252677284,터널돼지갈비%20상도1동,https://m.place.naver.com/restaurant/1841277811,"육류,고기요리",77
92,12452558,밀짚모자,,Q,음식,Q01,한식,Q01A13,파전전문,I56111,한식 음식점업,11,서울특별시,11590,동작구,1159053000,상도1동,1159010300,상도1동,1159010300106380001,1,대지,638,1,서울특별시 동작구 상도1동 638-1,115903005080,서울특별시 동작구 양녕로,284,,1159010300106380001029190,WHOEVER,서울특별시 동작구 양녕로 284,156830,06969,,1,,126.950563153664,37.5044360268662,밀짚모자%20상도1동,https://m.place.naver.com/restaurant/1612859497,"전,빈대떡",174
94,12467602,내가찜한닭숭실대점,숭실대점,Q,음식,Q09,유흥주점,Q09A01,호프/맥주,I56219,기타 주점업,11,서울특별시,11590,동작구,1159053000,상도1동,1159010200,상도동,1159010200105020000,1,대지,502,,서울특별시 동작구 상도동 502,115903119004,서울특별시 동작구 사당로,18,1,1159010200105020000019659,,서울특별시 동작구 사당로 18-1,156881,07027,,2,,126.956426365181,37.4951711175164,내가찜한닭숭실대점%20상도1동,https://m.place.naver.com/restaurant/1935469189,찜닭,206
96,12483086,더코네,,Q,음식,Q01,한식,Q01A01,한식/백반/한정식,I56111,한식 음식점업,11,서울특별시,11590,동작구,1159053000,상도1동,1159010200,상도동,1159010200105020002,1,대지,502,2,서울특별시 동작구 상도동 502-2,115904157384,서울특별시 동작구 상도로61길,23,,1159010200105020002033811,,서울특별시 동작구 상도로61길 23,156881,07027,,2,,126.956224462227,37.4950521971892,더코네%20상도1동,https://m.place.naver.com/restaurant/474242708,종합분식,106
97,12484729,팔팔구,,Q,음식,Q01,한식,Q01A99,기타고기요리,I56111,한식 음식점업,11,서울특별시,11590,동작구,1159053000,상도1동,1159010200,상도동,1159010200105000001,1,대지,500,1,서울특별시 동작구 상도동 500-1,115904157384,서울특별시 동작구 상도로61길,4,,1159010200105000001020362,,서울특별시 동작구 상도로61길 4,156881,07027,,1,,126.955228786081,37.495088448087,팔팔구%20상도1동,https://m.place.naver.com/restaurant/816859573,"육류,고기요리",124
107,12551389,추억과김밥,,Q,음식,Q04,분식,Q04A01,라면김밥분식,I56194,분식 및 김밥 전문점,11,서울특별시,11590,동작구,1159053000,상도1동,1159010200,상도동,1159010200105070003,1,대지,507,3,서울특별시 동작구 상도동 507-3,115904157384,서울특별시 동작구 상도로61길,72,,1159010200105070003019771,제이플러스,서울특별시 동작구 상도로61길 72,156881,07027,,1,,126.958754388519,37.4944708196233,추억과김밥%20상도1동,https://m.place.naver.com/restaurant/18698641,종합분식,174
109,12556094,투썸플레이스숭실대점,숭실대점,Q,음식,Q12,커피점/카페,Q12A01,커피전문점/카페/다방,I56220,비알콜 음료점업,11,서울특별시,11590,동작구,1159053000,상도1동,1159010200,상도동,1159010200105060000,1,대지,506,,서울특별시 동작구 상도동 506,115903119004,서울특별시 동작구 사당로,36,1,1159010200105060000019535,서정캐슬,서울특별시 동작구 사당로 36-1,156881,07027,,1,,126.958488815635,37.4948649408236,투썸플레이스숭실대점%20상도1동,https://m.place.naver.com/restaurant/98516235,카페,897
111,12561642,천냥노가리,,Q,음식,Q09,유흥주점,Q09A01,호프/맥주,I56219,기타 주점업,11,서울특별시,11590,동작구,1159053000,상도1동,1159010300,상도1동,1159010300103550002,1,대지,355,2,서울특별시 동작구 상도1동 355-2,115904157364,서울특별시 동작구 상도로47길,17,,1159010300103550002033577,,서울특별시 동작구 상도로47길 17,156836,06970,,1,,126.951663398663,37.5001658137609,천냥노가리%20상도1동,https://m.place.naver.com/restaurant/1100371750,"맥주,호프",30
113,12600307,피터패트,,Q,음식,Q12,커피점/카페,Q12A01,커피전문점/카페/다방,I56220,비알콜 음료점업,11,서울특별시,11590,동작구,1159053000,상도1동,1159010300,상도1동,1159010300108010001,1,대지,801,1,서울특별시 동작구 상도1동 801-1,115903119005,서울특별시 동작구 상도로,294,,1159010300108010002029308,대판옥(일식),서울특별시 동작구 상도로 294,156871,07032,,1,,126.948830878301,37.5013390373665,피터패트%20상도1동,https://m.place.naver.com/restaurant/917401992,카페,614
117,12626878,꿀마니,,Q,음식,Q09,유흥주점,Q09A01,호프/맥주,I56219,기타 주점업,11,서울특별시,11590,동작구,1159053000,상도1동,1159010200,상도동,1159010200104990016,1,대지,499,16,서울특별시 동작구 상도동 499-16,115904157390,서울특별시 동작구 상도로67길,17,,1159010200104990016020868,,서울특별시 동작구 상도로67길 17,156881,07027,,1,,126.956325076791,37.4943232352192,꿀마니%20상도1동,https://m.place.naver.com/restaurant/1292652442,가공식품,27
118,12635519,굽네치킨,,Q,음식,Q05,닭/오리요리,Q05A08,후라이드/양념치킨,I56193,치킨 전문점,11,서울특별시,11590,동작구,1159053000,상도1동,1159010200,상도동,1159010200104310000,1,대지,431,,서울특별시 동작구 상도동 431,115904157376,서울특별시 동작구 상도로53길,8,,1159010200100550180033684,래미안상도3차아파트,서울특별시 동작구 상도로53길 8,156732,06977,,,,126.954040114668,37.5008536590257,굽네치킨%20상도1동,https://m.place.naver.com/restaurant/13395052,"치킨,닭강정",247
126,14209947,상도정마루,,Q,음식,Q01,한식,Q01A01,한식/백반/한정식,I56111,한식 음식점업,11,서울특별시,11590,동작구,1159053000,상도1동,1159010300,상도1동,1159010300107420001,1,대지,742,1,서울특별시 동작구 상도1동 742-1,115903119005,서울특별시 동작구 상도로,280,,1159010300107420001029464,,서울특별시 동작구 상도로 280,156871,07032,,1,,126.947922858765,37.5023761702732,상도정마루%20상도1동,https://m.place.naver.com/restaurant/1333755743,한식,1
132,15510655,김밥천국,,Q,음식,Q04,분식,Q04A01,라면김밥분식,I56194,분식 및 김밥 전문점,11,서울특별시,11590,동작구,1159053000,상도1동,1159010300,상도1동,1159010300106450001,1,대지,645,1,서울특별시 동작구 상도1동 645-1,115903119010,서울특별시 동작구 흑석로,6,,1159010300106450001029384,맛돼지,서울특별시 동작구 흑석로 6,156830,06969,,,,126.951317942675,37.5046499714475,김밥천국%20상도1동,https://m.place.naver.com/restaurant/930689746,분식,144
134,15519413,더피자,숭실대점,Q,음식,Q07,패스트푸드,Q07A01,피자전문,I56192,"피자, 햄버거, 샌드위치 및 유사 음식점업",11,서울특별시,11590,동작구,1159053000,상도1동,1159010300,상도1동,1159010300105020001,1,대지,502,1,서울특별시 동작구 상도1동 502-1,115904157005,서울특별시 동작구 강남초등길,5,1,1159010300105020001029570,미광빌라트2차,서울특별시 동작구 강남초등길 5-1,156881,06912,,2,,126.952182879714,37.5066940169359,더피자%20상도1동,https://m.place.naver.com/restaurant/33279854,피자,40
142,15775397,용구비어,숭실대점,Q,음식,Q09,유흥주점,Q09A01,호프/맥주,I56219,기타 주점업,11,서울특별시,11590,동작구,1159053000,상도1동,1159010200,상도동,1159010200105050006,1,대지,505,6,서울특별시 동작구 상도동 505-6,115903119004,서울특별시 동작구 사당로,20,,1159010200105050006019343,,서울특별시 동작구 사당로 20,156881,07027,,,,126.956698369264,37.495128467544,용구비어%20상도1동,https://m.place.naver.com/restaurant/37293515,"맥주,호프",7
149,15896884,파리바게뜨상도역,,Q,음식,Q08,제과제빵떡케익,Q08A01,제과점,I56191,제과점업,11,서울특별시,11590,동작구,1159053000,상도1동,1159010300,상도1동,1159010300106660008,1,대지,666,8,서울특별시 동작구 상도1동 666-8,115903005080,서울특별시 동작구 양녕로,266,,1159010300106660008029284,시온성교회,서울특별시 동작구 양녕로 266,156830,06968,,,,126.948655066907,37.5033918640014,파리바게뜨상도역%20상도1동,https://m.place.naver.com/restaurant/1166433463,null,null
155,15989657,직구삼,상도점,Q,음식,Q01,한식,Q01A99,기타고기요리,I56111,한식 음식점업,11,서울특별시,11590,동작구,1159053000,상도1동,1159010200,상도동,1159010200104860009,1,대지,486,9,서울특별시 동작구 상도동 486-9,115904157378,서울특별시 동작구 상도로55길,1,,1159010200104860009033994,강현빌딩,서울특별시 동작구 상도로55길 1,156881,06977,,,,126.953412171715,37.4972258775655,직구삼%20상도1동,https://m.place.naver.com/restaurant/1124696525,돼지고기구이,123
158,16046099,BBQ치킨,숭실대점,Q,음식,Q05,닭/오리요리,Q05A08,후라이드/양념치킨,I56193,치킨 전문점,11,서울특별시,11590,동작구,1159053000,상도1동,1159010200,상도동,1159010200105040003,1,대지,504,3,서울특별시 동작구 상도동 504-3,115904157384,서울특별시 동작구 상도로61길,40,,1159010200105040003020170,,서울특별시 동작구 상도로61길 40,156881,07027,,,,126.957055663944,37.4946450552017,BBQ치킨%20상도1동,https://m.place.naver.com/restaurant/11799070,"치킨,닭강정",188
161,16064588,오딧세이,숭실대점,Q,음식,Q09,유흥주점,Q09A01,호프/맥주,I56219,기타 주점업,11,서울특별시,11590,동작구,1159053000,상도1동,1159010200,상도동,1159010200104900006,1,대지,490,6,서울특별시 동작구 상도동 490-6,115904157380,서울특별시 동작구 상도로58길,4,,1159010200104900006020738,경원빌딩,서울특별시 동작구 상도로58길 4,156882,07040,,5,,126.953023459232,37.4959069000934,오딧세이%20상도1동,https://m.place.naver.com/restaurant/1909218201,null,null
162,16067403,청년다방,서울숭실대점,Q,음식,Q04,분식,Q04A03,떡볶이전문,I56194,분식 및 김밥 전문점,11,서울특별시,11590,동작구,1159053000,상도1동,1159010200,상도동,1159010200105020005,1,대지,502,5,서울특별시 동작구 상도동 502-5,115903119004,서울특별시 동작구 사당로,16,,1159010200105020005019751,,서울특별시 동작구 사당로 16,156881,07027,,4,,126.956075083617,37.4952220768232,청년다방%20상도1동,https://m.place.naver.com/restaurant/37471453,분식,345
163,16078981,다락,,Q,음식,Q09,유흥주점,Q09A01,호프/맥주,I56219,기타 주점업,11,서울특별시,11590,동작구,1159053000,상도1동,1159010300,상도1동,1159010300104000002,1,대지,400,2,서울특별시 동작구 상도1동 400-2,115904157356,서울특별시 동작구 상도로41길,6,,1159010300104000002028570,,서울특별시 동작구 상도로41길 6,156836,06970,,,,126.949574449024,37.5015438826554,다락%20상도1동,https://m.place.naver.com/restaurant/1252310528,한식,28
166,16097857,생활맥주,숭실대입구역점,Q,음식,Q09,유흥주점,Q09A01,호프/맥주,I56219,기타 주점업,11,서울특별시,11590,동작구,1159053000,상도1동,1159010200,상도동,1159010200104860000,1,대지,486,,서울특별시 동작구 상도동 486,115904157348,서울특별시 동작구 상도로37길,76,,1159010200104860000033918,리치타운,서울특별시 동작구 상도로37길 76,156881,06977,,,,126.953101707273,37.4975925570088,생활맥주%20상도1동,https://m.place.naver.com/restaurant/1616580599,"맥주,호프",104
167,16098682,가춘,,Q,음식,Q08,제과제빵떡케익,Q08A01,제과점,I56191,제과점업,11,서울특별시,11590,동작구,1159053000,상도1동,1159010200,상도동,1159010200104880000,1,대지,488,,서울특별시 동작구 상도동 488,115903119005,서울특별시 동작구 상도로,357,,1159010200104880000020705,강남상가아파트,서울특별시 동작구 상도로 357,156881,06978,,,,126.95349547457,37.4969292690837,가춘%20상도1동,https://m.place.naver.com/restaurant/1123429741,베이커리,586
171,16115071,숭실대중문한솥도시락,,Q,음식,Q07,패스트푸드,Q07A02,도시락전문점,I56111,한식 음식점업,11,서울특별시,11590,동작구,1159053000,상도1동,1159010200,상도동,1159010200105020006,1,대지,502,6,서울특별시 동작구 상도동 502-6,115903119004,서울특별시 동작구 사당로,14,,1159010200105020006019487,동운빌딩,서울특별시 동작구 사당로 14,156881,07027,,,,126.955939018568,37.4952479058628,숭실대중문한솥도시락%20상도1동,https://m.place.naver.com/restaurant/1258501482,"도시락,컵밥",8
174,16127344,러윗츠,,Q,음식,Q08,제과제빵떡케익,Q08A01,제과점,I56191,제과점업,11,서울특별시,11590,동작구,1159053000,상도1동,1159010300,상도1동,1159010300104500007,1,대지,450,7,서울특별시 동작구 상도1동 450-7,115904157356,서울특별시 동작구 상도로41길,25,,1159010300104500007029220,,서울특별시 동작구 상도로41길 25,156830,06969,,,,126.950503582281,37.5022279280467,러윗츠%20상도1동,https://m.place.naver.com/restaurant/1014276045,베이커리,155
175,16128806,랭스터디카페,숭실대점,Q,음식,Q12,커피점/카페,Q12A01,커피전문점/카페/다방,I56220,비알콜 음료점업,11,서울특별시,11590,동작구,1159053000,상도1동,1159010200,상도동,1159010200104880000,1,대지,488,,서울특별시 동작구 상도동 488,115903119005,서울특별시 동작구 상도로,357,,1159010200104880000020705,강남상가아파트,서울특별시 동작구 상도로 357,156881,06978,,,,126.95349547457,37.4969292690837,랭스터디카페%20상도1동,https://m.place.naver.com/restaurant/1612441699,장소대여,69
176,16129334,BHC치킨,숭실대점,Q,음식,Q05,닭/오리요리,Q05A08,후라이드/양념치킨,I56193,치킨 전문점,11,서울특별시,11590,동작구,1159053000,상도1동,1159010200,상도동,1159010200105050001,1,대지,505,1,서울특별시 동작구 상도동 505-1,115903119004,서울특별시 동작구 사당로,28,,1159010200105050001019414,,서울특별시 동작구 사당로 28,156881,07027,,,,126.957436230114,37.494927740121,BHC치킨%20상도1동,https://m.place.naver.com/restaurant/37413677,"치킨,닭강정",209
189,16169559,배달삼겹직구삼,상도직영점,Q,음식,Q01,한식,Q01A02,갈비/삼겹살,I56111,한식 음식점업,11,서울특별시,11590,동작구,1159053000,상도1동,1159010200,상도동,1159010200104930009,1,대지,493,9,서울특별시 동작구 상도동 493-9,115904157382,서울특별시 동작구 상도로60길,6,,1159010200104930009019420,중앙양행(주),서울특별시 동작구 상도로60길 6,156882,07040,,,,126.954035984716,37.494663409708,배달삼겹직구삼%20상도1동,https://m.place.naver.com/restaurant/1124696525,돼지고기구이,123
190,16172708,불타는꼬꼬발,숭실대점,Q,음식,Q05,닭/오리요리,Q05A10,닭내장/닭발요리,I56111,한식 음식점업,11,서울특별시,11590,동작구,1159053000,상도1동,1159010200,상도동,1159010200104770008,1,대지,477,8,서울특별시 동작구 상도동 477-8,115903119005,서울특별시 동작구 상도로,339,,1159010200104770008020422,,서울특별시 동작구 상도로 339,156881,06971,,1,,126.952279367813,37.4981709486774,불타는꼬꼬발%20상도1동,https://m.place.naver.com/restaurant/1048697567,닭발,75
200,16200550,멘동,요리비,Q,음식,Q09,유흥주점,Q09A08,빠/카페/스탠드빠,I56211,일반유흥 주점업,11,서울특별시,11590,동작구,1159053000,상도1동,1159010200,상도동,1159010200105040007,1,대지,504,7,서울특별시 동작구 상도동 504-7,115904157384,서울특별시 동작구 상도로61길,32,,1159010200105040007019627,,서울특별시 동작구 상도로61길 32,156881,07027,,1,,126.956612673245,37.4947853114879,멘동%20상도1동,https://m.place.naver.com/restaurant/31818931,일식당,76
203,16206939,도쿄라멘3900,숭실대점,Q,음식,Q03,일식/수산물,Q03A02,음식점-일식,I56113,일식 음식점업,11,서울특별시,11590,동작구,1159053000,상도1동,1159010200,상도동,1159010200105020001,1,대지,502,1,서울특별시 동작구 상도동 502-1,115904157390,서울특별시 동작구 상도로67길,31,,1159010200105020001020832,,서울특별시 동작구 상도로67길 31,156881,07027,,3,,126.956394574306,37.495017658095,도쿄라멘3900%20상도1동,https://m.place.naver.com/restaurant/1118354758,일식당,203
204,16207516,강서,,Q,음식,Q02,중식,Q02A00,중국음식/중국집,I56112,중식 음식점업,11,서울특별시,11590,동작구,1159053000,상도1동,1159010200,상도동,1159010200105020004,1,대지,502,4,서울특별시 동작구 상도동 502-4,115903119004,서울특별시 동작구 사당로,18,,1159010200105020004019933,,서울특별시 동작구 사당로 18,156881,07027,,4,,126.956222330577,37.4952053569305,강서%20상도1동,https://m.place.naver.com/restaurant/1556790491,null,null
213,16227618,펍피맥,,Q,음식,Q09,유흥주점,Q09A01,호프/맥주,I56219,기타 주점업,11,서울특별시,11590,동작구,1159053000,상도1동,1159010300,상도1동,1159010300106810000,1,대지,681,,서울특별시 동작구 상도1동 681,115903005080,서울특별시 동작구 양녕로,265,1,1159010300106810000029183,감자옹심이,서울특별시 동작구 양녕로 265-1,156830,06919,,2,,126.94835497727,37.5038216960261,펍피맥%20상도1동,https://m.place.naver.com/restaurant/1400220391,피자,206
218,16268537,오니기리와이규동,,Q,음식,Q01,한식,Q01A01,한식/백반/한정식,I56111,한식 음식점업,11,서울특별시,11590,동작구,1159053000,상도1동,1159010300,상도1동,1159010300105010002,1,대지,501,2,서울특별시 동작구 상도1동 501-2,115904157005,서울특별시 동작구 강남초등길,7,,1159010300105010002029366,쉐르보코리아,서울특별시 동작구 강남초등길 7,156881,06912,,,,126.952229753172,37.5065772964351,오니기리와이규동%20상도1동,https://m.place.naver.com/restaurant/19022009,오니기리,51
227,16272954,한솥도시락,숭실점,Q,음식,Q07,패스트푸드,Q07A02,도시락전문점,I56111,한식 음식점업,11,서울특별시,11590,동작구,1159053000,상도1동,1159010200,상도동,1159010200101030001,1,대지,103,1,서울특별시 동작구 상도동 103-1,115903119004,서울특별시 동작구 사당로,59,,1159010200101030001033750,금성주유소,서울특별시 동작구 사당로 59,156031,06987,,4,,126.961428230176,37.4949268614591,한솥도시락%20상도1동,https://m.place.naver.com/restaurant/1258501482,"도시락,컵밥",8
229,16274214,올바른식당,,Q,음식,Q01,한식,Q01A01,한식/백반/한정식,I56111,한식 음식점업,11,서울특별시,11590,동작구,1159053000,상도1동,1159010300,상도1동,1159010300107750001,1,대지,775,1,서울특별시 동작구 상도1동 775-1,115903119005,서울특별시 동작구 상도로,279,,1159010300107750001000001,상일빌딩,서울특별시 동작구 상도로 279,156830,06968,,,,126.948554110362,37.5025259586469,올바른식당%20상도1동,https://m.place.naver.com/restaurant/37542806,한식,103
234,16309334,맘스터치,상도역점,Q,음식,Q07,패스트푸드,Q07A04,패스트푸드,I56199,그외 기타 음식점업,11,서울특별시,11590,동작구,1159053000,상도1동,1159010300,상도1동,1159010300107720001,1,대지,772,1,서울특별시 동작구 상도1동 772-1,115903119005,서울특별시 동작구 상도로,283,2,1159010300107720001028399,,서울특별시 동작구 상도로 283-2,156830,06968,,2,,126.948817994653,37.5022579925931,맘스터치%20상도1동,https://m.place.naver.com/restaurant/1045661121,"치킨,닭강정","1,546"
238,16322278,커피나무,브런치,Q,음식,Q12,커피점/카페,Q12A01,커피전문점/카페/다방,I56220,비알콜 음료점업,11,서울특별시,11590,동작구,1159053000,상도1동,1159010200,상도동,1159010200104270000,1,대지,427,,서울특별시 동작구 상도동 427,115904157376,서울특별시 동작구 상도로53길,65,,1159010200104270000000001,커피나무빌딩,서울특별시 동작구 상도로53길 65,156836,06970,,,,126.95379634446,37.5029239135826,커피나무%20상도1동,https://m.place.naver.com/restaurant/783672064,카페,257
244,16348979,스터디카페공유,,Q,음식,Q12,커피점/카페,Q12A01,커피전문점/카페/다방,I56220,비알콜 음료점업,11,서울특별시,11590,동작구,1159053000,상도1동,1159010200,상도동,1159010200105050008,1,대지,505,8,서울특별시 동작구 상도동 505-8,115904157384,서울특별시 동작구 상도로61길,35,,1159010200105050008020929,금영빌딩,서울특별시 동작구 상도로61길 35,156881,07027,,2,,126.956836689562,37.4949404684495,스터디카페공유%20상도1동,https://m.place.naver.com/restaurant/1447475333,장소대여,28
248,16368844,형제상회,,Q,음식,Q01,한식,Q01A05,해장국/감자탕,I56111,한식 음식점업,11,서울특별시,11590,동작구,1159053000,상도1동,1159010300,상도1동,1159010300107730002,1,대지,773,2,서울특별시 동작구 상도1동 773-2,115903119005,서울특별시 동작구 상도로,283,,1159010300107730002028443,,서울특별시 동작구 상도로 283,156830,06968,,2,,126.948670227049,37.5023107404556,형제상회%20상도1동,https://m.place.naver.com/restaurant/32812007,생선회,"1,711"
258,16415677,쉐프의목장,,Q,음식,Q01,한식,Q01A99,기타고기요리,I56111,한식 음식점업,11,서울특별시,11590,동작구,1159053000,상도1동,1159010200,상도동,1159010200104880000,1,대지,488,,서울특별시 동작구 상도동 488,115903119005,서울특별시 동작구 상도로,357,,1159010200104880000020705,강남상가아파트,서울특별시 동작구 상도로 357,156881,06978,,2,,126.95349547457,37.4969292690837,쉐프의목장%20상도1동,https://m.place.naver.com/restaurant/1560145421,"육류,고기요리",180
259,16416359,컵오브컴포트,,Q,음식,Q12,커피점/카페,Q12A01,커피전문점/카페/다방,I56220,비알콜 음료점업,11,서울특별시,11590,동작구,1159053000,상도1동,1159010300,상도1동,1159010300107720001,1,대지,772,1,서울특별시 동작구 상도1동 772-1,115903119005,서울특별시 동작구 상도로,283,2,1159010300107720001028399,,서울특별시 동작구 상도로 283-2,156830,06968,,2,,126.948817994653,37.5022579925931,컵오브컴포트%20상도1동,https://m.place.naver.com/restaurant/1244784945,"카페,디저트",46
261,16431383,명동국수,,Q,음식,Q01,한식,Q01A01,한식/백반/한정식,I56111,한식 음식점업,11,서울특별시,11590,동작구,1159053000,상도1동,1159010300,상도1동,1159010300104010002,1,대지,401,2,서울특별시 동작구 상도1동 401-2,115904157356,서울특별시 동작구 상도로41길,12,,1159010300104010003029269,,서울특별시 동작구 상도로41길 12,156836,06970,,1,,126.949911175301,37.5017270863038,명동국수%20상도1동,https://m.place.naver.com/restaurant/1414429133,국수,547
268,16486465,호이차,숭실대점,Q,음식,Q12,커피점/카페,Q12A01,커피전문점/카페/다방,I56220,비알콜 음료점업,11,서울특별시,11590,동작구,1159053000,상도1동,1159010200,상도동,1159010200105060001,1,대지,506,1,서울특별시 동작구 상도동 506-1,115903119004,서울특별시 동작구 사당로,36,,1159010200105060001020021,,서울특별시 동작구 사당로 36,156881,07027,,,,126.958296215223,37.4948902741355,호이차%20상도1동,https://m.place.naver.com/restaurant/1455578865,"카페,디저트",121
272,16509815,상도국수,,Q,음식,Q04,분식,Q04A02,국수/만두/칼국수,I56194,분식 및 김밥 전문점,11,서울특별시,11590,동작구,1159053000,상도1동,1159010200,상도동,1159010200104650001,1,대지,465,1,서울특별시 동작구 상도동 465-1,115904157348,서울특별시 동작구 상도로37길,55,,1159010200104650001020645,동원베스트타운,서울특별시 동작구 상도로37길 55,156880,06971,B,,,126.951878153163,37.4993657854476,상도국수%20상도1동,https://m.place.naver.com/restaurant/1981539314,국수,145
276,16563285,조선화로구이집,상도역점,Q,음식,Q01,한식,Q01A01,한식/백반/한정식,I56111,한식 음식점업,11,서울특별시,11590,동작구,1159053000,상도1동,1159010300,상도1동,1159010300106980000,1,대지,698,,서울특별시 동작구 상도1동 698,115903119005,서울특별시 동작구 상도로,263,6,1159010300106980000028547,들풀,서울특별시 동작구 상도로 263-6,156830,06919,,,,126.947866808133,37.503952506134,조선화로구이집%20상도1동,https://m.place.naver.com/restaurant/1172326922,"육류,고기요리",678
278,16585071,스타벅스,상도역점,Q,음식,Q12,커피점/카페,Q12A01,커피전문점/카페/다방,I56220,비알콜 음료점업,11,서울특별시,11590,동작구,1159053000,상도1동,1159010300,상도1동,1159010300106660005,1,대지,666,5,서울특별시 동작구 상도1동 666-5,115904157348,서울특별시 동작구 상도로37길,1,,1159010300106660005034390,라미재,서울특별시 동작구 상도로37길 1,156830,06968,,,,126.948431169421,37.5032276822549,스타벅스%20상도1동,https://m.place.naver.com/restaurant/37391902,카페,"2,915"
279,16586794,푸라닭치킨,상도1동점,Q,음식,Q05,닭/오리요리,Q05A08,후라이드/양념치킨,I56193,치킨 전문점,11,서울특별시,11590,동작구,1159053000,상도1동,1159010200,상도동,1159010200104670001,1,대지,467,1,서울특별시 동작구 상도동 467-1,115904157348,서울특별시 동작구 상도로37길,60,,1159010200104670001020949,한승빌딩,서울특별시 동작구 상도로37길 60,156880,06971,,5,,126.951952675112,37.4988888903899,푸라닭치킨%20상도1동,https://m.place.naver.com/restaurant/1347370528,"치킨,닭강정",348
280,16587634,쌀돈,,Q,음식,Q10,별식/퓨전요리,Q10A08,동남아음식전문점,I56119,기타 외국식 음식점업,11,서울특별시,11590,동작구,1159053000,상도1동,1159010200,상도동,1159010200104110000,1,대지,411,,서울특별시 동작구 상도동 411,115904157382,서울특별시 동작구 상도로60길,20,,1159010200104110000019389,대림아파트,서울특별시 동작구 상도로60길 20,156783,07040,,,,126.953386707101,37.4933781675726,쌀돈%20상도1동,https://m.place.naver.com/restaurant/1729754388,돈가스,22
281,16596698,위넌스터디카페,숭실대점,Q,음식,Q12,커피점/카페,Q12A01,커피전문점/카페/다방,I56220,비알콜 음료점업,11,서울특별시,11590,동작구,1159053000,상도1동,1159010200,상도동,1159010200104850001,1,대지,485,1,서울특별시 동작구 상도동 485-1,115904157348,서울특별시 동작구 상도로37길,81,,1159010200104850001020861,,서울특별시 동작구 상도로37길 81,156881,06977,,,,126.953648753256,37.4972910468462,위넌스터디카페%20상도1동,https://m.place.naver.com/restaurant/1002629992,장소대여,31
283,16602162,우부래도,,Q,음식,Q08,제과제빵떡케익,Q08A01,제과점,I56191,제과점업,11,서울특별시,11590,동작구,1159053000,상도1동,1159010300,상도1동,1159010300106660003,1,대지,666,3,서울특별시 동작구 상도1동 666-3,115904157348,서울특별시 동작구 상도로37길,3,,1159010300106660003034391,수빈명가,서울특별시 동작구 상도로37길 3,156830,06968,,,,126.948635608199,37.5031664286434,우부래도%20상도1동,https://m.place.naver.com/restaurant/1775138832,베이커리,879
285,16630732,배달삼겹돼지되지,상도점,Q,음식,Q01,한식,Q01A02,갈비/삼겹살,I56111,한식 음식점업,11,서울특별시,11590,동작구,1159053000,상도1동,1159010300,상도1동,1159010300107370001,1,대지,737,1,서울특별시 동작구 상도1동 737-1,115904157349,서울특별시 동작구 상도로38가길,13,,1159010300107370001029300,제일상회,서울특별시 동작구 상도로38가길 13,156871,07032,,,,126.947409678268,37.5026779550577,배달삼겹돼지되지%20상도1동,https://m.place.naver.com/restaurant/1662881345,null,null
286,16630977,맘스터치,숭실대입구역점,Q,음식,Q01,한식,Q01A01,한식/백반/한정식,I56111,한식 음식점업,11,서울특별시,11590,동작구,1159053000,상도1동,1159010200,상도동,1159010200104890006,1,대지,489,6,서울특별시 동작구 상도동 489-6,115903119005,서울특별시 동작구 상도로,366,,1159010200104890006020517,벽담빌딩,서울특별시 동작구 상도로 366,156882,07040,,,,126.953509178476,37.4959472459329,맘스터치%20상도1동,https://m.place.naver.com/restaurant/1045661121,"치킨,닭강정","1,546"
297,16691447,문커피,,Q,음식,Q12,커피점/카페,Q12A01,커피전문점/카페/다방,I56220,비알콜 음료점업,11,서울특별시,11590,동작구,1159053000,상도1동,1159010300,상도1동,1159010300104280005,1,대지,428,5,서울특별시 동작구 상도1동 428-5,115904157363,서울특별시 동작구 상도로47가길,48,,1159010300104280005029224,,서울특별시 동작구 상도로47가길 48,156836,06970,,1,,126.950191992042,37.5018647396776,문커피%20상도1동,https://m.place.naver.com/restaurant/1244418288,카페,186
304,16728582,나비루,,Q,음식,Q03,일식/수산물,Q03A02,음식점-일식,I56113,일식 음식점업,11,서울특별시,11590,동작구,1159053000,상도1동,1159010200,상도동,1159010200100670006,1,대지,67,6,서울특별시 동작구 상도동 67-6,115904157348,서울특별시 동작구 상도로37길,63,,1159010200100670006034401,지누빌딩,서울특별시 동작구 상도로37길 63,156031,06971,,4,,126.952486413583,37.4987314356405,나비루%20상도1동,https://m.place.naver.com/restaurant/1313669706,일식당,144
309,16750366,구백냥곱창,,Q,음식,Q01,한식,Q01A03,곱창/양구이전문,I56111,한식 음식점업,11,서울특별시,11590,동작구,1159053000,상도1동,1159010200,상도동,1159010200104630002,1,대지,463,2,서울특별시 동작구 상도동 463-2,115904157364,서울특별시 동작구 상도로47길,4,,1159010200104630002020706,이화빌딩,서울특별시 동작구 상도로47길 4,156880,06971,,,,126.951434873169,37.4995240403887,구백냥곱창%20상도1동,https://m.place.naver.com/restaurant/1405797351,"곱창,막창,양",200
316,16772867,두찜동작,상도1호점,Q,음식,Q01,한식,Q01A01,한식/백반/한정식,I56111,한식 음식점업,11,서울특별시,11590,동작구,1159053000,상도1동,1159010200,상도동,1159010200104640010,1,대지,464,10,서울특별시 동작구 상도동 464-10,115904157364,서울특별시 동작구 상도로47길,18,,1159010200104640010020769,,서울특별시 동작구 상도로47길 18,156880,06971,,1,,126.951835161575,37.5000141595802,두찜동작%20상도1동,https://m.place.naver.com/restaurant/1368589416,찜닭,130
317,16775264,다성반점,,Q,음식,Q02,중식,Q02A00,중국음식/중국집,I56112,중식 음식점업,11,서울특별시,11590,동작구,1159053000,상도1동,1159010200,상도동,1159010200104630004,1,대지,463,4,서울특별시 동작구 상도동 463-4,115904157348,서울특별시 동작구 상도로37길,54,,1159010200104630004020648,동남하이퍼,서울특별시 동작구 상도로37길 54,156880,06971,,,,126.951619706527,37.4992463555917,다성반점%20상도1동,https://m.place.naver.com/restaurant/13157363,중식당,384
318,16828636,도담죽,,Q,음식,Q10,별식/퓨전요리,Q10A01,죽전문점,I56111,한식 음식점업,11,서울특별시,11590,동작구,1159053000,상도1동,1159010300,상도1동,1159010300103550002,1,대지,355,2,서울특별시 동작구 상도1동 355-2,115904157364,서울특별시 동작구 상도로47길,17,,1159010300103550002033577,,서울특별시 동작구 상도로47길 17,156836,06970,,1,,126.951663398663,37.5001658137609,도담죽%20상도1동,https://m.place.naver.com/restaurant/1886955563,죽,78
319,16848001,배달의쌀국수,상도점,Q,음식,Q10,별식/퓨전요리,Q10A08,동남아음식전문점,I56119,기타 외국식 음식점업,11,서울특별시,11590,동작구,1159053000,상도1동,1159010300,상도1동,1159010300104020004,1,대지,402,4,서울특별시 동작구 상도1동 402-4,115904157348,서울특별시 동작구 상도로37길,23,,1159010300104020004029268,나라순대국,서울특별시 동작구 상도로37길 23,156836,06970,,1,,126.949902390548,37.5015467984095,배달의쌀국수%20상도1동,https://m.place.naver.com/restaurant/1413631382,베트남음식,29
320,16948959,따로닭,상도점,Q,음식,Q01,한식,Q01A01,한식/백반/한정식,I56111,한식 음식점업,11,서울특별시,11590,동작구,1159053000,상도1동,1159010300,상도1동,1159010300103560001,1,대지,356,1,서울특별시 동작구 상도1동 356-1,115904157364,서울특별시 동작구 상도로47길,13,,1159010300103560001029251,,서울특별시 동작구 상도로47길 13,156836,06970,,,,126.951541528788,37.4999845222717,따로닭%20상도1동,https://m.place.naver.com/restaurant/1245482203,"치킨,닭강정",59
322,16956300,닭볶음탕과낙곱새,,Q,음식,Q01,한식,Q01A01,한식/백반/한정식,I56111,한식 음식점업,11,서울특별시,11590,동작구,1159053000,상도1동,1159010200,상도동,1159010200104650001,1,대지,465,1,서울특별시 동작구 상도동 465-1,115904157348,서울특별시 동작구 상도로37길,55,,1159010200104650001020645,동원베스트타운,서울특별시 동작구 상도로37길 55,156880,06971,,,,126.951867097023,37.4993476663585,닭볶음탕과낙곱새%20상도1동,https://m.place.naver.com/restaurant/1156615005,null,null
325,16963617,Gustoria,,Q,음식,Q06,양식,Q06A01,정통양식/경양식,I56114,서양식 음식점업,11,서울특별시,11590,동작구,1159053000,상도1동,1159010300,상도1동,1159010300106240000,1,대지,624,,서울특별시 동작구 상도1동 624,115903005080,서울특별시 동작구 양녕로,277,,1159010300106240000028403,,서울특별시 동작구 양녕로 277,156830,06919,,,,126.949264539825,37.5042893251257,Gustoria%20상도1동,https://m.place.naver.com/restaurant/1789321430,와인,85
326,16964593,투앤나인,,Q,음식,Q12,커피점/카페,Q12A01,커피전문점/카페/다방,I56220,비알콜 음료점업,11,서울특별시,11590,동작구,1159053000,상도1동,1159010300,상도1동,1159010300106110000,1,대지,611,,서울특별시 동작구 상도1동 611,115903119003,서울특별시 동작구 매봉로,1,,1159010300106110000000262,김영삼대통령기념도서관,서울특별시 동작구 매봉로 1,156830,06919,,,,126.949949277383,37.5054667771814,투앤나인%20상도1동,https://m.place.naver.com/restaurant/1450275318,"카페,디저트",203
327,16969002,족발야시장,상도역점,Q,음식,Q01,한식,Q01A08,족발/보쌈전문,I56111,한식 음식점업,11,서울특별시,11590,동작구,1159053000,상도1동,1159010300,상도1동,1159010300106240000,1,대지,624,,서울특별시 동작구 상도1동 624,115903005080,서울특별시 동작구 양녕로,277,,1159010300106240000028403,,서울특별시 동작구 양녕로 277,156830,06919,,,,126.949264539825,37.5042893251257,족발야시장%20상도1동,https://m.place.naver.com/restaurant/1654309329,"족발,보쌈",136
330,16982504,배달삼겹직구삼동작직영점,,Q,음식,Q01,한식,Q01A02,갈비/삼겹살,I56111,한식 음식점업,11,서울특별시,11590,동작구,1159053000,상도1동,1159010300,상도1동,1159010300102660001,1,대지,266,1,서울특별시 동작구 상도1동 266-1,115904157348,서울특별시 동작구 상도로37길,44,,1159010300102660001029330,희망하이츠빌,서울특별시 동작구 상도로37길 44,156031,06970,,,,126.951033294546,37.499934957785,배달삼겹직구삼동작직영점%20상도1동,https://m.place.naver.com/restaurant/1124696525,돼지고기구이,123
332,16991687,어반스시&참치,,Q,음식,Q03,일식/수산물,Q03A04,참치전문점,I56113,일식 음식점업,11,서울특별시,11590,동작구,1159053000,상도1동,1159010200,상도동,1159010200104740000,1,대지,474,,서울특별시 동작구 상도동 474,115904157386,서울특별시 동작구 상도로62길,69,,1159010200104740000019316,,서울특별시 동작구 상도로62길 69,156881,07040,,,,126.952271731647,37.4970986317159,어반스시&참치%20상도1동,https://m.place.naver.com/restaurant/1410129419,"초밥,롤",82
335,16996545,상도커피,,Q,음식,Q12,커피점/카페,Q12A01,커피전문점/카페/다방,I56220,비알콜 음료점업,11,서울특별시,11590,동작구,1159053000,상도1동,1159010200,상도동,1159010200104770014,1,대지,477,14,서울특별시 동작구 상도동 477-14,115903119005,서울특별시 동작구 상도로,341,1,1159010200104770014034304,,서울특별시 동작구 상도로 341-1,156881,06971,,,,126.952451754121,37.4979742465559,상도커피%20상도1동,https://m.place.naver.com/restaurant/1186494056,카페,228
336,17000270,달쿠마,,Q,음식,Q08,제과제빵떡케익,Q08A01,제과점,I56191,제과점업,11,서울특별시,11590,동작구,1159053000,상도1동,1159010200,상도동,1159010200104960022,1,대지,496,22,서울특별시 동작구 상도동 496-22,115903119005,서울특별시 동작구 상도로,392,20,1159010200104960022020401,,서울특별시 동작구 상도로 392-20,156882,07040,,1,,126.954303715525,37.4941161391762,달쿠마%20상도1동,https://m.place.naver.com/restaurant/1902704634,"카페,디저트",112
338,17001694,공부하기좋은카페오늘,,Q,음식,Q12,커피점/카페,Q12A01,커피전문점/카페/다방,I56220,비알콜 음료점업,11,서울특별시,11590,동작구,1159053000,상도1동,1159010200,상도동,1159010200105090002,1,대지,509,2,서울특별시 동작구 상도동 509-2,115903119004,서울특별시 동작구 사당로,56,,1159010200105090002020086,,서울특별시 동작구 사당로 56,156881,07027,,,,126.960551125201,37.4945677372605,공부하기좋은카페오늘%20상도1동,https://m.place.naver.com/restaurant/1406696109,카페,59
339,17002796,초밥이야기,,Q,음식,Q03,일식/수산물,Q03A03,음식점-초밥전문,I56113,일식 음식점업,11,서울특별시,11590,동작구,1159053000,상도1동,1159010200,상도동,1159010200105010000,1,대지,501,,서울특별시 동작구 상도동 501,115903119004,서울특별시 동작구 사당로,10,,1159010200105010000020650,동호빌딩,서울특별시 동작구 사당로 10,156881,07027,,,,126.955417874259,37.4953153828367,초밥이야기%20상도1동,https://m.place.naver.com/restaurant/1868870724,"초밥,롤",175
343,17014550,릿잇커피,,Q,음식,Q12,커피점/카페,Q12A01,커피전문점/카페/다방,I56220,비알콜 음료점업,11,서울특별시,11590,동작구,1159053000,상도1동,1159010200,상도동,1159010200100540026,1,대지,54,26,서울특별시 동작구 상도동 54-26,115904157369,서울특별시 동작구 상도로47바길,48,,1159010200100540026034433,브이업빌딩,서울특별시 동작구 상도로47바길 48,156834,06969,,,,126.953294857461,37.5040097402062,릿잇커피%20상도1동,https://m.place.naver.com/restaurant/1320889338,"카페,디저트",123
344,17015694,미하벨,,Q,음식,Q08,제과제빵떡케익,Q08A01,제과점,I56191,제과점업,11,서울특별시,11590,동작구,1159053000,상도1동,1159010200,상도동,1159010200105040007,1,대지,504,7,서울특별시 동작구 상도동 504-7,115904157384,서울특별시 동작구 상도로61길,32,,1159010200105040007019627,,서울특별시 동작구 상도로61길 32,156881,07027,,,,126.956612673245,37.4947853114879,미하벨%20상도1동,https://m.place.naver.com/restaurant/1339314533,베이커리,109
346,17028716,겹,,Q,음식,Q01,한식,Q01A01,한식/백반/한정식,I56111,한식 음식점업,11,서울특별시,11590,동작구,1159053000,상도1동,1159010200,상도동,1159010200104630002,1,대지,463,2,서울특별시 동작구 상도동 463-2,115904157364,서울특별시 동작구 상도로47길,4,,1159010200104630002020706,이화빌딩,서울특별시 동작구 상도로47길 4,156880,06971,,,,126.951434873169,37.4995240403887,겹%20상도1동,https://m.place.naver.com/restaurant/1089998158,한식,59
347,17028830,브레댄코,상도역점,Q,음식,Q12,커피점/카페,Q12A01,커피전문점/카페/다방,I56220,비알콜 음료점업,11,서울특별시,11590,동작구,1159053000,상도1동,1159010300,상도1동,1159010300107020001,1,대지,702,1,서울특별시 동작구 상도1동 702-1,115903119005,서울특별시 동작구 상도로,272,,1159010300107020001000001,상도역(중대입구역)7호선,서울특별시 동작구 상도로 272,156871,07032,,,,126.947685056343,37.5032030168133,브레댄코%20상도1동,https://m.place.naver.com/restaurant/1398614705,베이커리,697
348,17031791,쉐프윤찹쌀고로케,상도점,Q,음식,Q01,한식,Q01A01,한식/백반/한정식,I56111,한식 음식점업,11,서울특별시,11590,동작구,1159053000,상도1동,1159010200,상도동,1159010200100670006,1,대지,67,6,서울특별시 동작구 상도동 67-6,115904157348,서울특별시 동작구 상도로37길,63,,1159010200100670006034401,지누빌딩,서울특별시 동작구 상도로37길 63,156031,06971,,,,126.952486413583,37.4987314356405,쉐프윤찹쌀고로케%20상도1동,https://m.place.naver.com/restaurant/1153233579,베이커리,379
350,17034662,참베이커리,,Q,음식,Q08,제과제빵떡케익,Q08A01,제과점,I56191,제과점업,11,서울특별시,11590,동작구,1159053000,상도1동,1159010200,상도동,1159010200104860005,1,대지,486,5,서울특별시 동작구 상도동 486-5,115904157348,서울특별시 동작구 상도로37길,78,,1159010200104860005020297,,서울특별시 동작구 상도로37길 78,156881,06977,,,,126.953250971622,37.4974316907602,참베이커리%20상도1동,https://m.place.naver.com/restaurant/1401692615,베이커리,180
351,17042523,모코커피창고,,Q,음식,Q12,커피점/카페,Q12A01,커피전문점/카페/다방,I56220,비알콜 음료점업,11,서울특별시,11590,동작구,1159053000,상도1동,1159010300,상도1동,1159010300103660004,1,대지,366,4,서울특별시 동작구 상도1동 366-4,115904157348,서울특별시 동작구 상도로37길,31,,1159010300103660004029263,,서울특별시 동작구 상도로37길 31,156836,06970,,,,126.950362291179,37.5010102564342,모코커피창고%20상도1동,https://m.place.naver.com/restaurant/1316105746,카페,130
352,17042575,고돼지,,Q,음식,Q01,한식,Q01A01,한식/백반/한정식,I56111,한식 음식점업,11,서울특별시,11590,동작구,1159053000,상도1동,1159010200,상도동,1159010200104770009,1,대지,477,9,서울특별시 동작구 상도동 477-9,115903119005,서울특별시 동작구 상도로,341,,1159010200104770009034182,,서울특별시 동작구 상도로 341,156881,06971,,,,126.952371214988,37.4980726477925,고돼지%20상도1동,https://m.place.naver.com/restaurant/1209414245,"육류,고기요리",72
353,17044576,펍캐리온,,Q,음식,Q09,유흥주점,Q09A01,호프/맥주,I56219,기타 주점업,11,서울특별시,11590,동작구,1159053000,상도1동,1159010200,상도동,1159010200104890007,1,대지,489,7,서울특별시 동작구 상도동 489-7,115903119005,서울특별시 동작구 상도로,368,,1159010200104890007020130,,서울특별시 동작구 상도로 368,156882,07040,,,,126.953589588074,37.4958578532161,펍캐리온%20상도1동,https://m.place.naver.com/restaurant/1577129726,양식,101
354,17046071,빈,,Q,음식,Q01,한식,Q01A01,한식/백반/한정식,I56111,한식 음식점업,11,서울특별시,11590,동작구,1159053000,상도1동,1159010200,상도동,1159010200104770013,1,대지,477,13,서울특별시 동작구 상도동 477-13,115903119005,서울특별시 동작구 상도로,341,2,1159010200104770013034184,,서울특별시 동작구 상도로 341-2,156881,06971,,,,126.952541335596,37.4980381143955,빈%20상도1동,https://m.place.naver.com/restaurant/1852415245,"카페,디저트",40
357,17053754,도담도담,식빵상도점,Q,음식,Q08,제과제빵떡케익,Q08A01,제과점,I56191,제과점업,11,서울특별시,11590,동작구,1159053000,상도1동,1159010200,상도동,1159010200104730007,1,대지,473,7,서울특별시 동작구 상도동 473-7,115904157379,서울특별시 동작구 상도로56길,6,,1159010200104730007020200,,서울특별시 동작구 상도로56길 6,156880,07039,,,,126.95255695797,37.4961100061733,도담도담%20상도1동,https://m.place.naver.com/restaurant/1807058921,null,null
360,17064767,명랑핫도그,상도점,Q,음식,Q07,패스트푸드,Q07A03,핫도그,I56192,"피자, 햄버거, 샌드위치 및 유사 음식점업",11,서울특별시,11590,동작구,1159053000,상도1동,1159010300,상도1동,1159010300106330043,1,대지,633,43,서울특별시 동작구 상도1동 633-43,115903005080,서울특별시 동작구 양녕로,278,,1159010300106330043028805,,서울특별시 동작구 양녕로 278,156830,06968,,,,126.949776840791,37.5040505979678,명랑핫도그%20상도1동,https://m.place.naver.com/restaurant/1493233070,핫도그,"1,066"
361,17068669,케이크팝,,Q,음식,Q01,한식,Q01A01,한식/백반/한정식,I56111,한식 음식점업,11,서울특별시,11590,동작구,1159053000,상도1동,1159010200,상도동,1159010200105050001,1,대지,505,1,서울특별시 동작구 상도동 505-1,115903119004,서울특별시 동작구 사당로,28,,1159010200105050001019414,,서울특별시 동작구 사당로 28,156881,07027,,,,126.957436230114,37.494927740121,케이크팝%20상도1동,https://m.place.naver.com/restaurant/1649187599,"카페,디저트",411
363,17070169,미니밈케이크,,Q,음식,Q12,커피점/카페,Q12A01,커피전문점/카페/다방,I56220,비알콜 음료점업,11,서울특별시,11590,동작구,1159053000,상도1동,1159010300,상도1동,1159010300107020000,1,대지,702,,서울특별시 동작구 상도1동 702,115903119005,서울특별시 동작구 상도로,264,,1159010300107020000029556,,서울특별시 동작구 상도로 264,156871,06965,,,,126.94711456696,37.5035583525859,미니밈케이크%20상도1동,https://m.place.naver.com/restaurant/1114441721,케이크전문,15
364,17081096,정정아식당,,Q,음식,Q01,한식,Q01A01,한식/백반/한정식,I56111,한식 음식점업,11,서울특별시,11590,동작구,1159053000,상도1동,1159010300,상도1동,1159010300106450003,1,대지,645,3,서울특별시 동작구 상도1동 645-3,115903119010,서울특별시 동작구 흑석로,4,,1159010300106450003029195,,서울특별시 동작구 흑석로 4,156830,06969,,,,126.951159241319,37.5046755938561,정정아식당%20상도1동,https://m.place.naver.com/restaurant/1361419318,닭볶음탕,119
367,17092528,투다리,숭실대점,Q,음식,Q09,유흥주점,Q09A03,꼬치구이전문점,I56219,기타 주점업,11,서울특별시,11590,동작구,1159053000,상도1동,1159010200,상도동,1159010200105050004,1,대지,505,4,서울특별시 동작구 상도동 505-4,115903119004,서울특별시 동작구 사당로,24,,1159010200105050004020563,,서울특별시 동작구 사당로 24,156881,07027,,,,126.957015853167,37.4950681974796,투다리%20상도1동,https://m.place.naver.com/restaurant/1749427914,"오뎅,꼬치",22
368,17094027,펠어커피,,Q,음식,Q12,커피점/카페,Q12A01,커피전문점/카페/다방,I56220,비알콜 음료점업,11,서울특별시,11590,동작구,1159053000,상도1동,1159010300,상도1동,1159010300104680001,1,대지,468,1,서울특별시 동작구 상도1동 468-1,115904157355,서울특별시 동작구 상도로41가길,12,,1159010300104680001029216,,서울특별시 동작구 상도로41가길 12,156880,06969,,,,126.950389698337,37.5030919231048,펠어커피%20상도1동,https://m.place.naver.com/restaurant/1186494056,카페,228
369,17101588,프렌밀리,,Q,음식,Q01,한식,Q01A01,한식/백반/한정식,I56111,한식 음식점업,11,서울특별시,11590,동작구,1159053000,상도1동,1159010300,상도1동,1159010300106770000,1,대지,677,,서울특별시 동작구 상도1동 677,115903005080,서울특별시 동작구 양녕로,271,,1159010300106770000029186,,서울특별시 동작구 양녕로 271,156830,06919,,,,126.948893751366,37.5041148270387,프렌밀리%20상도1동,https://m.place.naver.com/restaurant/1474224099,와인,58
370,17103860,매머드익스프레스,숭실대점,Q,음식,Q12,커피점/카페,Q12A01,커피전문점/카페/다방,I56220,비알콜 음료점업,11,서울특별시,11590,동작구,1159053000,상도1동,1159010200,상도동,1159010200105050004,1,대지,505,4,서울특별시 동작구 상도동 505-4,115903119004,서울특별시 동작구 사당로,24,,1159010200105050004020563,,서울특별시 동작구 사당로 24,156881,07027,,,,126.957015853167,37.4950681974796,매머드익스프레스%20상도1동,https://m.place.naver.com/restaurant/1028591662,null,null
372,17106477,바른탕수육,,Q,음식,Q02,중식,Q02A01,탕수육전문점,I56112,중식 음식점업,11,서울특별시,11590,동작구,1159053000,상도1동,1159010300,상도1동,1159010300107100001,1,대지,710,1,서울특별시 동작구 상도1동 710-1,115903005080,서울특별시 동작구 양녕로,253,,1159010300107100001029291,,서울특별시 동작구 양녕로 253,156871,06965,,,,126.947110723221,37.5030266996822,바른탕수육%20상도1동,https://m.place.naver.com/restaurant/1899320011,중식당,52
373,17106541,걸작떡볶이,치킨상도점,Q,음식,Q04,분식,Q04A03,떡볶이전문,I56194,분식 및 김밥 전문점,11,서울특별시,11590,동작구,1159053000,상도1동,1159010300,상도1동,1159010300103770000,1,대지,377,,서울특별시 동작구 상도1동 377,115903119005,서울특별시 동작구 상도로,311,,1159010300103770000029254,,서울특별시 동작구 상도로 311,156836,06970,,,,126.950496392003,37.5003176400665,걸작떡볶이%20상도1동,https://m.place.naver.com/restaurant/1144251357,분식,313
374,17107302,달달,,Q,음식,Q01,한식,Q01A01,한식/백반/한정식,I56111,한식 음식점업,11,서울특별시,11590,동작구,1159053000,상도1동,1159010200,상도동,1159010200105060003,1,대지,506,3,서울특별시 동작구 상도동 506-3,115903119004,서울특별시 동작구 사당로,32,1,1159010200105060003020374,,서울특별시 동작구 사당로 32-1,156881,07027,,,,126.957990165567,37.4949416380071,달달%20상도1동,https://m.place.naver.com/restaurant/1616790307,"카페,디저트",62
376,17112821,밥숯돌,,Q,음식,Q01,한식,Q01A01,한식/백반/한정식,I56111,한식 음식점업,11,서울특별시,11590,동작구,1159053000,상도1동,1159010200,상도동,1159010200105050011,1,대지,505,11,서울특별시 동작구 상도동 505-11,115904157384,서울특별시 동작구 상도로61길,43,,1159010200105050011020025,,서울특별시 동작구 상도로61길 43,156881,07027,,,,126.957267496597,37.4948631773276,밥숯돌%20상도1동,https://m.place.naver.com/restaurant/1163615274,한식,59
377,17113459,싹쓰리,,Q,음식,Q01,한식,Q01A01,한식/백반/한정식,I56111,한식 음식점업,11,서울특별시,11590,동작구,1159053000,상도1동,1159010200,상도동,1159010200104990014,1,대지,499,14,서울특별시 동작구 상도동 499-14,115904157390,서울특별시 동작구 상도로67길,19,,1159010200104990014020503,,서울특별시 동작구 상도로67길 19,156881,07027,,,,126.956323321531,37.4944493667908,싹쓰리%20상도1동,https://m.place.naver.com/restaurant/1802453625,null,null
378,17114248,무음,,Q,음식,Q01,한식,Q01A01,한식/백반/한정식,I56111,한식 음식점업,11,서울특별시,11590,동작구,1159053000,상도1동,1159010200,상도동,1159010200100070088,1,대지,7,88,서울특별시 동작구 상도동 7-88,115903119010,서울특별시 동작구 흑석로,24,1,1159010200100070088033748,중앙빌딩,서울특별시 동작구 흑석로 24-1,156830,06969,,,,126.953339452015,37.504866131761,무음%20상도1동,https://m.place.naver.com/restaurant/1183410120,요리주점,15
379,17115976,팜카페,,Q,음식,Q12,커피점/카페,Q12A01,커피전문점/카페/다방,I56220,비알콜 음료점업,11,서울특별시,11590,동작구,1159053000,상도1동,1159010300,상도1동,1159010300107020001,1,대지,702,1,서울특별시 동작구 상도1동 702-1,115903119005,서울특별시 동작구 상도로,272,,1159010300107020001000001,상도역(중대입구역)7호선,서울특별시 동작구 상도로 272,156871,07032,,,,126.947685056343,37.5032030168133,팜카페%20상도1동,https://m.place.naver.com/restaurant/38473626,브런치,1
380,17118131,파스타앤볶음밥,,Q,음식,Q06,양식,Q06A04,스파게티전문점,I56114,서양식 음식점업,11,서울특별시,11590,동작구,1159053000,상도1동,1159010200,상도동,1159010200104670001,1,대지,467,1,서울특별시 동작구 상도동 467-1,115904157348,서울특별시 동작구 상도로37길,60,,1159010200104670001020949,한승빌딩,서울특별시 동작구 상도로37길 60,156880,06971,,,,126.951952675112,37.4988888903899,파스타앤볶음밥%20상도1동,https://m.place.naver.com/restaurant/1210945549,null,null
381,17118789,배달짜글오짜글,상도점,Q,음식,Q01,한식,Q01A01,한식/백반/한정식,I56111,한식 음식점업,11,서울특별시,11590,동작구,1159053000,상도1동,1159010200,상도동,1159010200105000022,1,대지,500,22,서울특별시 동작구 상도동 500-22,115903119005,서울특별시 동작구 상도로,387,1,1159010200105000022019800,대광페인트,서울특별시 동작구 상도로 387-1,156881,07027,,,,126.955427913178,37.4945946312759,배달짜글오짜글%20상도1동,https://m.place.naver.com/restaurant/1328516312,한식,21
382,17120444,짙은,,Q,음식,Q01,한식,Q01A01,한식/백반/한정식,I56111,한식 음식점업,11,서울특별시,11590,동작구,1159053000,상도1동,1159010200,상도동,1159010200100730001,1,대지,73,1,서울특별시 동작구 상도동 73-1,115904157348,서울특별시 동작구 상도로37길,69,,1159010200100730001020898,성산빌딩,서울특별시 동작구 상도로37길 69,156031,06971,,,,126.952740849842,37.4983282192451,짙은%20상도1동,https://m.place.naver.com/restaurant/1486484604,테이크아웃커피,95
383,17120740,브릿지엣지,,Q,음식,Q12,커피점/카페,Q12A01,커피전문점/카페/다방,I56220,비알콜 음료점업,11,서울특별시,11590,동작구,1159053000,상도1동,1159010200,상도동,1159010200104300000,1,대지,430,,서울특별시 동작구 상도동 430,115904157376,서울특별시 동작구 상도로53길,70,,1159010200104300000000001,상도에스에이치빌,서울특별시 동작구 상도로53길 70,156741,06977,,,,126.954479883038,37.5025695459181,브릿지엣지%20상도1동,https://m.place.naver.com/restaurant/1119195565,"카페,디저트",92
384,17124655,밤골하우스,,Q,음식,Q04,분식,Q04A01,라면김밥분식,I56194,분식 및 김밥 전문점,11,서울특별시,11590,동작구,1159053000,상도1동,1159010300,상도1동,1159010300105070001,1,대지,507,1,서울특별시 동작구 상도1동 507-1,115903119003,서울특별시 동작구 매봉로,72,,1159010300105070007000239,,서울특별시 동작구 매봉로 72,156881,06912,,,,126.951599279953,37.5079863480246,밤골하우스%20상도1동,https://m.place.naver.com/restaurant/1127161981,떡볶이,128
385,17125790,투디,,Q,음식,Q12,커피점/카페,Q12A01,커피전문점/카페/다방,I56220,비알콜 음료점업,11,서울특별시,11590,동작구,1159053000,상도1동,1159010300,상도1동,1159010300107710001,1,대지,771,1,서울특별시 동작구 상도1동 771-1,115903119005,서울특별시 동작구 상도로,285,,1159010300107710001029276,,서울특별시 동작구 상도로 285,156830,06968,,,,126.948876052488,37.5021503833705,투디%20상도1동,https://m.place.naver.com/restaurant/1189392976,"카페,디저트",32
386,17126345,에버에버에프터,,Q,음식,Q12,커피점/카페,Q12A01,커피전문점/카페/다방,I56220,비알콜 음료점업,11,서울특별시,11590,동작구,1159053000,상도1동,1159010200,상도동,1159010200105070024,1,대지,507,24,서울특별시 동작구 상도동 507-24,115904157383,서울특별시 동작구 상도로61가길,6,,1159010200105070024019983,,서울특별시 동작구 상도로61가길 6,156881,07027,,,,126.95768194879,37.4943352150059,에버에버에프터%20상도1동,https://m.place.naver.com/restaurant/1541979120,"카페,디저트",127
390,17131342,덮다,상도역점,Q,음식,Q01,한식,Q01A01,한식/백반/한정식,I56111,한식 음식점업,11,서울특별시,11590,동작구,1159053000,상도1동,1159010300,상도1동,1159010300107390001,1,대지,739,1,서울특별시 동작구 상도1동 739-1,115904157349,서울특별시 동작구 상도로38가길,5,,1159010300107390001029431,,서울특별시 동작구 상도로38가길 5,156871,07032,,,,126.947582214291,37.502472251183,덮다%20상도1동,https://m.place.naver.com/restaurant/1114537670,null,null
391,17133764,크라이치즈버거,숭실대점,Q,음식,Q01,한식,Q01A01,한식/백반/한정식,I56111,한식 음식점업,11,서울특별시,11590,동작구,1159053000,상도1동,1159010200,상도동,1159010200105030003,1,대지,503,3,서울특별시 동작구 상도동 503-3,115904157384,서울특별시 동작구 상도로61길,28,,1159010200105030003020152,,서울특별시 동작구 상도로61길 28,156881,07027,,,,126.956283381375,37.4948815181722,크라이치즈버거%20상도1동,https://m.place.naver.com/restaurant/1464304796,햄버거,534
392,17137447,강남분식,,Q,음식,Q04,분식,Q04A01,라면김밥분식,I56194,분식 및 김밥 전문점,11,서울특별시,11590,동작구,1159053000,상도1동,1159010200,상도동,1159010200104630002,1,대지,463,2,서울특별시 동작구 상도동 463-2,115904157364,서울특별시 동작구 상도로47길,4,,1159010200104630002020706,이화빌딩,서울특별시 동작구 상도로47길 4,156880,06971,,,,126.951434873169,37.4995240403887,강남분식%20상도1동,https://m.place.naver.com/restaurant/1950197272,종합분식,65
393,17145434,밀플랜비,,Q,음식,Q06,양식,Q06A01,정통양식/경양식,I56114,서양식 음식점업,11,서울특별시,11590,동작구,1159053000,상도1동,1159010200,상도동,1159010200105030001,1,대지,503,1,서울특별시 동작구 상도동 503-1,115904157390,서울특별시 동작구 상도로67길,27,,1159010200105030001033812,,서울특별시 동작구 상도로67길 27,156881,07027,,,,126.956385899725,37.4948283608593,밀플랜비%20상도1동,https://m.place.naver.com/restaurant/1947323834,핫도그,403
394,17156640,닭터찜바고,,Q,음식,Q01,한식,Q01A01,한식/백반/한정식,I56111,한식 음식점업,11,서울특별시,11590,동작구,1159053000,상도1동,1159010300,상도1동,1159010300103570003,1,대지,357,3,서울특별시 동작구 상도1동 357-3,115904157348,서울특별시 동작구 상도로37길,45,,1159010300103570003029252,책사랑,서울특별시 동작구 상도로37길 45,156836,06970,,,,126.951269630381,37.5000181506485,닭터찜바고%20상도1동,https://m.place.naver.com/restaurant/1462841203,한식,37
395,17161933,벨라의케이크,,Q,음식,Q08,제과제빵떡케익,Q08A01,제과점,I56191,제과점업,11,서울특별시,11590,동작구,1159053000,상도1동,1159010200,상도동,1159010200104740000,1,대지,474,,서울특별시 동작구 상도동 474,115904157386,서울특별시 동작구 상도로62길,69,,1159010200104740000019316,,서울특별시 동작구 상도로62길 69,156881,07040,,,,126.952271731647,37.4970986317159,벨라의케이크%20상도1동,https://m.place.naver.com/restaurant/1791160830,케이크전문,39
396,17164037,송이네집밥,,Q,음식,Q01,한식,Q01A01,한식/백반/한정식,I56111,한식 음식점업,11,서울특별시,11590,동작구,1159053000,상도1동,1159010200,상도동,1159010200104990000,1,대지,499,,서울특별시 동작구 상도동 499,115904157390,서울특별시 동작구 상도로67길,21,,1159010200104990000020858,,서울특별시 동작구 상도로67길 21,156881,07027,,,,126.956322067768,37.4945394607688,송이네집밥%20상도1동,https://m.place.naver.com/restaurant/1164607482,한식,2
398,17171706,코코스중앙식당,,Q,음식,Q09,유흥주점,Q09A01,호프/맥주,I56219,기타 주점업,11,서울특별시,11590,동작구,1159053000,상도1동,1159010200,상도동,1159010200100070136,1,대지,7,136,서울특별시 동작구 상도동 7-136,115903119010,서울특별시 동작구 흑석로,24,,1159010200100070136028736,,서울특별시 동작구 흑석로 24,156830,06969,,,,126.953226615185,37.5048471109003,코코스중앙식당%20상도1동,https://m.place.naver.com/restaurant/1462228665,한식,19
400,17174431,터바채,,Q,음식,Q01,한식,Q01A01,한식/백반/한정식,I56111,한식 음식점업,11,서울특별시,11590,동작구,1159053000,상도1동,1159010300,상도1동,1159010300106660003,1,대지,666,3,서울특별시 동작구 상도1동 666-3,115904157348,서울특별시 동작구 상도로37길,3,,1159010300106660003034391,,서울특별시 동작구 상도로37길 3,156830,06968,,,,126.948635608199,37.5031664286434,터바채%20상도1동,https://m.place.naver.com/restaurant/1681418968,한식,61
402,17192852,김빠빠누룽지통닭,,Q,음식,Q05,닭/오리요리,Q05A08,후라이드/양념치킨,I56193,치킨 전문점,11,서울특별시,11590,동작구,1159053000,상도1동,1159010300,상도1동,1159010300106420001,1,대지,642,1,서울특별시 동작구 상도1동 642-1,115903005080,서울특별시 동작구 양녕로,286,1,1159010300106420001029023,,서울특별시 동작구 양녕로 286-1,156830,06969,,1,,126.950753385266,37.5045818845765,김빠빠누룽지통닭%20상도1동,https://m.place.naver.com/restaurant/1227120427,"치킨,닭강정",80
408,17207409,60계서울,상도점,Q,음식,Q09,유흥주점,Q09A01,호프/맥주,I56219,기타 주점업,11,서울특별시,11590,동작구,1159053000,상도1동,1159010200,상도동,1159010200104860003,1,대지,486,3,서울특별시 동작구 상도동 486-3,115903119005,서울특별시 동작구 상도로,349,1,1159010200104860003019656,준콤숭실빌딩,서울특별시 동작구 상도로 349-1,156881,06977,,2,,126.953047055306,37.4974569151776,60계서울%20상도1동,https://m.place.naver.com/restaurant/1843809652,"치킨,닭강정",333
418,17250230,EEACAFE,,Q,음식,Q12,커피점/카페,Q12A01,커피전문점/카페/다방,I56220,비알콜 음료점업,11,서울특별시,11590,동작구,1159053000,상도1동,1159010200,상도동,1159010200105070024,1,대지,507,24,서울특별시 동작구 상도동 507-24,115904157383,서울특별시 동작구 상도로61가길,6,,1159010200105070024019983,,서울특별시 동작구 상도로61가길 6,156881,07027,,,,126.95768194879,37.4943352150059,EEACAFE%20상도1동,https://m.place.naver.com/restaurant/1541979120,"카페,디저트",127
420,17255888,빽찐라면,,Q,음식,Q04,분식,Q04A01,라면김밥분식,I56194,분식 및 김밥 전문점,11,서울특별시,11590,동작구,1159053000,상도1동,1159010300,상도1동,1159010300103900000,1,대지,390,,서울특별시 동작구 상도1동 390,115903119005,서울특별시 동작구 상도로,295,,1159010300103900000028846,,서울특별시 동작구 상도로 295,156836,06970,,,,126.949530730403,37.5014353680012,빽찐라면%20상도1동,https://m.place.naver.com/restaurant/37604797,라면,241
421,17259117,움프,,Q,음식,Q09,유흥주점,Q09A08,빠/카페/스탠드빠,I56211,일반유흥 주점업,11,서울특별시,11590,동작구,1159053000,상도1동,1159010200,상도동,1159010200104770013,1,대지,477,13,서울특별시 동작구 상도동 477-13,115903119005,서울특별시 동작구 상도로,341,2,1159010200104770013034184,,서울특별시 동작구 상도로 341-2,156881,06971,,,,126.952541335596,37.4980381143955,움프%20상도1동,https://m.place.naver.com/restaurant/1099630312,와인,147
422,17260144,메가커피,숭실대입구역점,Q,음식,Q12,커피점/카페,Q12A01,커피전문점/카페/다방,I56220,비알콜 음료점업,11,서울특별시,11590,동작구,1159053000,상도1동,1159010200,상도동,1159010200104890001,1,대지,489,1,서울특별시 동작구 상도동 489-1,115903119005,서울특별시 동작구 상도로,362,1,1159010200104890001020212,,서울특별시 동작구 상도로 362-1,156882,07040,,,,126.953244830434,37.4962512608856,메가커피%20상도1동,https://m.place.naver.com/restaurant/1605476778,카페,"1,190"
431,17436886,배스킨라빈스31,숭실대점,Q,음식,Q07,패스트푸드,Q07A07,아이스크림판매,I56191,제과점업,11,서울특별시,11590,동작구,1159053000,상도1동,1159010200,상도동,1159010200104890005,1,대지,489,5,서울특별시 동작구 상도동 489-5,115903119005,서울특별시 동작구 상도로,364,1,1159010200104890005019813,,서울특별시 동작구 상도로 364-1,156882,07040,,,,126.953405776462,37.4960634663945,배스킨라빈스31%20상도1동,https://m.place.naver.com/restaurant/37854741,아이스크림,"1,080"
433,17438369,청담곱떡,상도점,Q,음식,Q04,분식,Q04A03,떡볶이전문,I56194,분식 및 김밥 전문점,11,서울특별시,11590,동작구,1159053000,상도1동,1159010200,상도동,1159010200104650001,1,대지,465,1,서울특별시 동작구 상도동 465-1,115904157348,서울특별시 동작구 상도로37길,55,,1159010200104650001020645,동원베스트타운,서울특별시 동작구 상도로37길 55,156880,06971,,,,126.951867097023,37.4993476663585,청담곱떡%20상도1동,https://m.place.naver.com/restaurant/1700705504,종합분식,46
436,17444649,자휴정,,Q,음식,Q12,커피점/카페,Q12A01,커피전문점/카페/다방,I56220,비알콜 음료점업,11,서울특별시,11590,동작구,1159053000,상도1동,1159010300,상도1동,1159010300104070006,1,대지,407,6,서울특별시 동작구 상도1동 407-6,115904157363,서울특별시 동작구 상도로47가길,28,,1159010300104070006028978,,서울특별시 동작구 상도로47가길 28,156836,06970,,지,,126.950823660275,37.5011765439925,자휴정%20상도1동,https://m.place.naver.com/restaurant/1850808843,"카페,디저트",82
437,17450960,유부랑뚱이랑,,Q,음식,Q03,일식/수산물,Q03A03,음식점-초밥전문,I56113,일식 음식점업,11,서울특별시,11590,동작구,1159053000,상도1동,1159010200,상도동,1159010200104920023,1,대지,492,23,서울특별시 동작구 상도동 492-23,115904157386,서울특별시 동작구 상도로62길,21,,1159010200104920023019375,,서울특별시 동작구 상도로62길 21,156882,07040,,1,,126.953620373951,37.495272443293,유부랑뚱이랑%20상도1동,https://m.place.naver.com/restaurant/1067754092,한식,100
439,17458659,카페빈,,Q,음식,Q12,커피점/카페,Q12A01,커피전문점/카페/다방,I56220,비알콜 음료점업,11,서울특별시,11590,동작구,1159053000,상도1동,1159010300,상도1동,1159010300105470000,1,대지,547,,서울특별시 동작구 상도1동 547,115904157005,서울특별시 동작구 강남초등길,10,,1159010300105470000000001,"D,S빌",서울특별시 동작구 강남초등길 10,156830,06912,,1,,126.95191599558,37.5063672717236,카페빈%20상도1동,https://m.place.naver.com/restaurant/1852415245,"카페,디저트",40
441,17495465,선녀호두파이,,Q,음식,Q08,제과제빵떡케익,Q08A01,제과점,I56191,제과점업,11,서울특별시,11590,동작구,1159053000,상도1동,1159010300,상도1동,1159010300107010003,1,대지,701,3,서울특별시 동작구 상도1동 701-3,115903119005,서울특별시 동작구 상도로,267,,1159010300107010003029178,,서울특별시 동작구 상도로 267,156871,06919,,1,,126.947668563072,37.5035722997959,선녀호두파이%20상도1동,https://m.place.naver.com/restaurant/1008695197,베이커리,61
443,17502297,종로계림닭도리탕원조,상도역점,Q,음식,Q05,닭/오리요리,Q05A03,닭도리탕전문,I56111,한식 음식점업,11,서울특별시,11590,동작구,1159053000,상도1동,1159010300,상도1동,1159010300106240000,1,대지,624,,서울특별시 동작구 상도1동 624,115903005080,서울특별시 동작구 양녕로,277,,1159010300106240000028403,,서울특별시 동작구 양녕로 277,156830,06919,,2,,126.949264539825,37.5042893251257,종로계림닭도리탕원조%20상도1동,https://m.place.naver.com/restaurant/1693070574,한식,96
444,17510078,로즈마리,숭실대점,Q,음식,Q12,커피점/카페,Q12A01,커피전문점/카페/다방,I56220,비알콜 음료점업,11,서울특별시,11590,동작구,1159053000,상도1동,1159010200,상도동,1159010200105010002,1,대지,501,2,서울특별시 동작구 상도동 501-2,115903119004,서울특별시 동작구 사당로,6,1,1159010200105010002019642,,서울특별시 동작구 사당로 6-1,156881,07027,,,,126.955157552813,37.4953311016695,로즈마리%20상도1동,https://m.place.naver.com/restaurant/1676387394,null,null
445,17514804,오갈미,,Q,음식,Q12,커피점/카페,Q12A01,커피전문점/카페/다방,I56220,비알콜 음료점업,11,서울특별시,11590,동작구,1159053000,상도1동,1159010200,상도동,1159010200104690001,1,대지,469,1,서울특별시 동작구 상도동 469-1,115904157373,서울특별시 동작구 상도로50길,9,,1159010200104690001019506,,서울특별시 동작구 상도로50길 9,156880,07033,,1,,126.95103437273,37.4982409943605,오갈미%20상도1동,https://m.place.naver.com/restaurant/1297171831,"카페,디저트",96
447,17524700,운영카페,,Q,음식,Q12,커피점/카페,Q12A01,커피전문점/카페/다방,I56220,비알콜 음료점업,11,서울특별시,11590,동작구,1159053000,상도1동,1159010200,상도동,1159010200105000018,1,대지,500,18,서울특별시 동작구 상도동 500-18,115903119005,서울특별시 동작구 상도로,385,,1159010200105000018020101,,서울특별시 동작구 상도로 385,156881,07027,,1,,126.955243733195,37.494827275664,운영카페%20상도1동,https://m.place.naver.com/restaurant/1675198150,와인,12
448,17528099,태리로제떡볶이&닭강정,숭실대점,Q,음식,Q04,분식,Q04A03,떡볶이전문,I56194,분식 및 김밥 전문점,11,서울특별시,11590,동작구,1159053000,상도1동,1159010200,상도동,1159010200104310000,1,대지,431,,서울특별시 동작구 상도동 431,115904157376,서울특별시 동작구 상도로53길,8,,1159010200100550180033684,래미안상도3차아파트,서울특별시 동작구 상도로53길 8,156732,06977,,2,,126.954040114668,37.5008536590257,태리로제떡볶이&닭강정%20상도1동,https://m.place.naver.com/restaurant/1790973775,분식,22
467,17592707,백미네아이스크림,,Q,음식,Q07,패스트푸드,Q07A07,아이스크림판매,I56191,제과점업,11,서울특별시,11590,동작구,1159053000,상도1동,1159010300,상도1동,1159010300106560000,1,대지,656,,서울특별시 동작구 상도1동 656,115904157355,서울특별시 동작구 상도로41가길,22,,1159010300106560000028292,상도고시원,서울특별시 동작구 상도로41가길 22,156830,06969,,1,,126.950355098528,37.5039476119764,백미네아이스크림%20상도1동,https://m.place.naver.com/restaurant/1197930590,가공식품,63
469,17593887,아이스조아,6호점,Q,음식,Q07,패스트푸드,Q07A07,아이스크림판매,I56191,제과점업,11,서울특별시,11590,동작구,1159053000,상도1동,1159010300,상도1동,1159010300105070003,1,대지,507,3,서울특별시 동작구 상도1동 507-3,115903119003,서울특별시 동작구 매봉로,66,,1159010300105070003029481,,서울특별시 동작구 매봉로 66,156881,06912,,1,,126.951705095455,37.5076989517503,아이스조아%20상도1동,https://m.place.naver.com/restaurant/1581452562,null,null
476,17676102,프린트카페숭실대,정문점,Q,음식,Q12,커피점/카페,Q12A01,커피전문점/카페/다방,I56220,비알콜 음료점업,11,서울특별시,11590,동작구,1159053000,상도1동,1159010200,상도동,1159010200104880000,1,대지,488,,서울특별시 동작구 상도동 488,115903119005,서울특별시 동작구 상도로,357,,1159010200104880000020705,강남상가아파트,서울특별시 동작구 상도로 357,156881,06978,,,,126.95349547457,37.4969292690837,프린트카페숭실대%20상도1동,https://m.place.naver.com/restaurant/1096828430,null,null
477,17676721,피자플래넷,동작점,Q,음식,Q07,패스트푸드,Q07A01,피자전문,I56192,"피자, 햄버거, 샌드위치 및 유사 음식점업",11,서울특별시,11590,동작구,1159053000,상도1동,1159010300,상도1동,1159010300105870000,1,대지,587,,서울특별시 동작구 상도1동 587,115903119010,서울특별시 동작구 흑석로,5,,1159010300105870000029192,,서울특별시 동작구 흑석로 5,156830,06912,,1,,126.951280361441,37.5049109419025,피자플래넷%20상도1동,https://m.place.naver.com/restaurant/1342999224,피자,12
481,17705147,뜸들이다,상도점,Q,음식,Q07,패스트푸드,Q07A02,도시락전문점,I56111,한식 음식점업,11,서울특별시,11590,동작구,1159053000,상도1동,1159010200,상도동,1159010200100070059,1,대지,7,59,서울특별시 동작구 상도동 7-59,115903119010,서울특별시 동작구 흑석로,23,,1159010200100070059029163,,서울특별시 동작구 흑석로 23,156830,06912,,1,,126.95329107195,37.5050909652526,뜸들이다%20상도1동,https://m.place.naver.com/restaurant/1856040424,"도시락,컵밥",87
489,17750049,벤치와인,,Q,음식,Q09,유흥주점,Q09A08,빠/카페/스탠드빠,I56211,일반유흥 주점업,11,서울특별시,11590,동작구,1159053000,상도1동,1159010300,상도1동,1159010300103900000,1,대지,390,,서울특별시 동작구 상도1동 390,115903119005,서울특별시 동작구 상도로,295,,1159010300103900000028846,,서울특별시 동작구 상도로 295,156836,06970,,1,,126.949530730403,37.5014353680012,벤치와인%20상도1동,https://m.place.naver.com/restaurant/1872723482,주류,91
505,17812685,모두의주막,,Q,음식,Q09,유흥주점,Q09A01,호프/맥주,I56219,기타 주점업,11,서울특별시,11590,동작구,1159053000,상도1동,1159010200,상도동,1159010200105020001,1,대지,502,1,서울특별시 동작구 상도동 502-1,115904157390,서울특별시 동작구 상도로67길,31,,1159010200105020001020832,,서울특별시 동작구 상도로67길 31,156881,07027,,2,,126.956394574306,37.495017658095,모두의주막%20상도1동,https://m.place.naver.com/restaurant/1393362982,null,null
510,17833896,작은섬,,Q,음식,Q03,일식/수산물,Q03A02,음식점-일식,I56113,일식 음식점업,11,서울특별시,11590,동작구,1159053000,상도1동,1159010200,상도동,1159010200104640009,1,대지,464,9,서울특별시 동작구 상도동 464-9,115904157364,서울특별시 동작구 상도로47길,22,,1159010200104640009020643,,서울특별시 동작구 상도로47길 22,156880,06971,,,,126.951935297452,37.500132184484,작은섬%20상도1동,https://m.place.naver.com/restaurant/1588763983,일식당,123
511,17835883,비비엣,,Q,음식,Q10,별식/퓨전요리,Q10A08,동남아음식전문점,I56119,기타 외국식 음식점업,11,서울특별시,11590,동작구,1159053000,상도1동,1159010200,상도동,1159010200105060001,1,대지,506,1,서울특별시 동작구 상도동 506-1,115903119004,서울특별시 동작구 사당로,36,,1159010200105060001020021,,서울특별시 동작구 사당로 36,156881,07027,,1,,126.958296215223,37.4948902741355,비비엣%20상도1동,https://m.place.naver.com/restaurant/1173236303,베트남음식,188
516,17857184,진진김밥,,Q,음식,Q04,분식,Q04A01,라면김밥분식,I56194,분식 및 김밥 전문점,11,서울특별시,11590,동작구,1159053000,상도1동,1159010200,상도동,1159010200104630008,1,대지,463,8,서울특별시 동작구 상도동 463-8,115904157348,서울특별시 동작구 상도로37길,56,,1159010200104630007019998,,서울특별시 동작구 상도로37길 56,156880,06971,,1,,126.951767717943,37.4991755851342,진진김밥%20상도1동,https://m.place.naver.com/restaurant/1649241410,김밥,102
522,17871610,아이스조아,11호점,Q,음식,Q07,패스트푸드,Q07A07,아이스크림판매,I56191,제과점업,11,서울특별시,11590,동작구,1159053000,상도1동,1159010200,상도동,1159010200105310000,1,대지,531,,서울특별시 동작구 상도동 531,115903119005,서울특별시 동작구 상도로,346,1,1159010200101340000000002,힐스테이트상도센트럴파크,서울특별시 동작구 상도로 346-1,156830,07039,상가1,1,,126.951654218237,37.4967777857703,아이스조아%20상도1동,https://m.place.naver.com/restaurant/1581452562,null,null
525,17880203,댕쁘앙,,Q,음식,Q12,커피점/카페,Q12A07,애견카페,I56220,비알콜 음료점업,11,서울특별시,11590,동작구,1159053000,상도1동,1159010200,상도동,1159010200104150000,1,대지,415,,서울특별시 동작구 상도동 415,115903119005,서울특별시 동작구 상도로,320,,1159010200104150000033951,중앙하이츠빌아파트,서울특별시 동작구 상도로 320,156725,07033,상가,,,126.949880752853,37.4998616441627,댕쁘앙%20상도1동,https://m.place.naver.com/restaurant/1163576168,반려동물용품,12
545,17971215,돼지게티,상도점,Q,음식,Q06,양식,Q06A04,스파게티전문점,I56114,서양식 음식점업,11,서울특별시,11590,동작구,1159053000,상도1동,1159010300,상도1동,1159010300103980001,1,대지,398,1,서울특별시 동작구 상도1동 398-1,115904157348,서울특별시 동작구 상도로37길,26,,1159010300103980001034394,,서울특별시 동작구 상도로37길 26,156836,06970,,1,,126.949814826282,37.5013387786819,돼지게티%20상도1동,https://m.place.naver.com/restaurant/1892099069,null,null
548,17977003,상도타코야끼,,Q,음식,Q04,분식,Q04A05,스낵,I56194,분식 및 김밥 전문점,11,서울특별시,11590,동작구,1159053000,상도1동,1159010200,상도동,1159010200104660005,1,대지,466,5,서울특별시 동작구 상도동 466-5,115904157348,서울특별시 동작구 상도로37길,59,,1159010200104660005020424,,서울특별시 동작구 상도로37길 59,156880,06971,,1,,126.952223813812,37.4989093166434,상도타코야끼%20상도1동,https://m.place.naver.com/restaurant/1450839048,일식당,10
549,17994286,먹돼지,,Q,음식,Q01,한식,Q01A02,갈비/삼겹살,I56111,한식 음식점업,11,서울특별시,11590,동작구,1159053000,상도1동,1159010200,상도동,1159010200105050007,1,대지,505,7,서울특별시 동작구 상도동 505-7,115904157390,서울특별시 동작구 상도로67길,32,,1159010200105050007020397,,서울특별시 동작구 상도로67길 32,156881,07027,,1,,126.9566327811,37.494965699188,먹돼지%20상도1동,https://m.place.naver.com/restaurant/1678783993,"육류,고기요리",8
559,18044642,제일주당,,Q,음식,Q09,유흥주점,Q09A07,기타일반유흥주점,I56211,일반유흥 주점업,11,서울특별시,11590,동작구,1159053000,상도1동,1159010300,상도1동,1159010300106650004,1,대지,665,4,서울특별시 동작구 상도1동 665-4,115904157354,서울특별시 동작구 상도로39길,27,,1159010300106650004028628,,서울특별시 동작구 상도로39길 27,156830,06968,,1,,126.94909521847,37.5034588541156,제일주당%20상도1동,https://m.place.naver.com/restaurant/1399870642,요리주점,20
561,18069817,놀부자정육식당,,Q,음식,Q01,한식,Q01A02,갈비/삼겹살,I56111,한식 음식점업,11,서울특별시,11590,동작구,1159053000,상도1동,1159010200,상도동,1159010200105000016,1,대지,500,16,서울특별시 동작구 상도동 500-16,115903119005,서울특별시 동작구 상도로,383,,1159010200105000016019770,,서울특별시 동작구 상도로 383,156881,07027,,1,,126.955105534689,37.4950062634461,놀부자정육식당%20상도1동,https://m.place.naver.com/restaurant/1459730247,정육식당,218
563,18072851,고기극찬,동작점,Q,음식,Q01,한식,Q01A02,갈비/삼겹살,I56111,한식 음식점업,11,서울특별시,11590,동작구,1159053000,상도1동,1159010300,상도1동,1159010300103890012,1,대지,389,12,서울특별시 동작구 상도1동 389-12,115903119005,서울특별시 동작구 상도로,296,2,1159010200101590170029313,,서울특별시 동작구 상도로 296-2,156031,07032,,1,,126.948935052548,37.5011687650332,고기극찬%20상도1동,https://m.place.naver.com/restaurant/1165514398,null,null
571,18089435,위드커피,,Q,음식,Q12,커피점/카페,Q12A01,커피전문점/카페/다방,I56220,비알콜 음료점업,11,서울특별시,11590,동작구,1159053000,상도1동,1159010300,상도1동,1159010300106450003,1,대지,645,3,서울특별시 동작구 상도1동 645-3,115903119010,서울특별시 동작구 흑석로,4,,1159010300106450003029195,,서울특별시 동작구 흑석로 4,156830,06969,,1,,126.951159241319,37.5046755938561,위드커피%20상도1동,https://m.place.naver.com/restaurant/19027683,카페,125
572,18092423,배떡,상도점,Q,음식,Q04,분식,Q04A03,떡볶이전문,I56194,분식 및 김밥 전문점,11,서울특별시,11590,동작구,1159053000,상도1동,1159010200,상도동,1159010200101590221,1,대지,159,221,서울특별시 동작구 상도동 159-221,115904157533,서울특별시 동작구 양녕로36길,17,,1159010200101590221029296,평화얼음조각,서울특별시 동작구 양녕로36길 17,156836,07032,,1,,126.946623400335,37.5022925055783,배떡%20상도1동,https://m.place.naver.com/restaurant/1150148856,분식,87
573,18096236,교촌치킨,상도터널점,Q,음식,Q05,닭/오리요리,Q05A08,후라이드/양념치킨,I56193,치킨 전문점,11,서울특별시,11590,동작구,1159053000,상도1동,1159010200,상도동,1159010200101590026,1,대지,159,26,서울특별시 동작구 상도동 159-26,115903119005,서울특별시 동작구 상도로,306,,1159010200101590026029319,성창C&C,서울특별시 동작구 상도로 306,156836,07032,,1,,126.949555291757,37.5004894848872,교촌치킨%20상도1동,https://m.place.naver.com/restaurant/11481959,"치킨,닭강정",551
574,18097483,상도양꼬치,,Q,음식,Q09,유흥주점,Q09A03,꼬치구이전문점,I56219,기타 주점업,11,서울특별시,11590,동작구,1159053000,상도1동,1159010300,상도1동,1159010300107550000,1,대지,755,,서울특별시 동작구 상도1동 755,115903119005,서울특별시 동작구 상도로,275,,1159010300107550000029279,,서울특별시 동작구 상도로 275,156830,06968,,2,,126.948242967973,37.5029376711093,상도양꼬치%20상도1동,https://m.place.naver.com/restaurant/1757004943,양꼬치,10
575,18097586,빽다방,숭실대점,Q,음식,Q12,커피점/카페,Q12A01,커피전문점/카페/다방,I56220,비알콜 음료점업,11,서울특별시,11590,동작구,1159053000,상도1동,1159010200,상도동,1159010200105010000,1,대지,501,,서울특별시 동작구 상도동 501,115903119004,서울특별시 동작구 사당로,10,,1159010200105010000020650,동호빌딩,서울특별시 동작구 사당로 10,156881,07027,,지,,126.955417874259,37.4953153828367,빽다방%20상도1동,https://m.place.naver.com/restaurant/362995369,테이크아웃커피,639
576,18098809,앙러뷰케이크,,Q,음식,Q08,제과제빵떡케익,Q08A02,케익전문점,I56191,제과점업,11,서울특별시,11590,동작구,1159053000,상도1동,1159010200,상도동,1159010200101210037,1,대지,121,37,서울특별시 동작구 상도동 121-37,115904157390,서울특별시 동작구 상도로67길,7,,1159010200101210037020638,,서울특별시 동작구 상도로67길 7,156031,07027,,1,,126.956340270618,37.494044043767,앙러뷰케이크%20상도1동,https://m.place.naver.com/restaurant/1651565274,떡류제조,11
581,18125580,아마도,,Q,음식,Q09,유흥주점,Q09A07,기타일반유흥주점,I56211,일반유흥 주점업,11,서울특별시,11590,동작구,1159053000,상도1동,1159010300,상도1동,1159010300106460001,1,대지,646,1,서울특별시 동작구 상도1동 646-1,115903119010,서울특별시 동작구 흑석로,10,,1159010300106460001029198,,서울특별시 동작구 흑석로 10,156830,06969,,1,,126.951769161089,37.5047350708665,아마도%20상도1동,https://m.place.naver.com/restaurant/1324158288,요리주점,2
598,18180563,모녀당,,Q,음식,Q12,커피점/카페,Q12A01,커피전문점/카페/다방,I56220,비알콜 음료점업,11,서울특별시,11590,동작구,1159053000,상도1동,1159010300,상도1동,1159010300106640001,1,대지,664,1,서울특별시 동작구 상도1동 664-1,115903005080,서울특별시 동작구 양녕로,272,,1159010300106640001029287,,서울특별시 동작구 양녕로 272,156830,06968,,2,,126.949272747175,37.5037037165389,모녀당%20상도1동,https://m.place.naver.com/restaurant/1630664774,"카페,디저트",7
599,18182446,카페,라이프IS원더플,Q,음식,Q12,커피점/카페,Q12A01,커피전문점/카페/다방,I56220,비알콜 음료점업,11,서울특별시,11590,동작구,1159053000,상도1동,1159010300,상도1동,1159010300107020000,1,대지,702,,서울특별시 동작구 상도1동 702,115903119005,서울특별시 동작구 상도로,264,,1159010300107020000029556,,서울특별시 동작구 상도로 264,156871,06965,,1,,126.94711456696,37.5035583525859,카페%20상도1동,https://m.place.naver.com/restaurant/633094958,베이커리,"2,252"
606,20012597,또래오래동작상도점,동작상도점,Q,음식,Q05,닭/오리요리,Q05A08,후라이드/양념치킨,I56193,치킨 전문점,11,서울특별시,11590,동작구,1159053000,상도1동,1159010300,상도1동,1159010300107160001,1,대지,716,1,서울특별시 동작구 상도1동 716-1,115903005080,서울특별시 동작구 양녕로,253,13,1159010300107160001029289,,서울특별시 동작구 양녕로 253-13,156871,06965,,1,,126.946811638812,37.503384452844,또래오래동작상도점%20상도1동,https://m.place.naver.com/restaurant/11483655,"치킨,닭강정",75
607,20031871,파동추야,,Q,음식,Q01,한식,Q01A01,한식/백반/한정식,I56111,한식 음식점업,11,서울특별시,11590,동작구,1159053000,상도1동,1159010200,상도동,1159010200104900006,1,대지,490,6,서울특별시 동작구 상도동 490-6,115904157380,서울특별시 동작구 상도로58길,4,,1159010200104900006020738,경원빌딩,서울특별시 동작구 상도로58길 4,156030,07040,,1,,126.953023459232,37.4959069000934,파동추야%20상도1동,https://m.place.naver.com/restaurant/20907435,"전통,민속주점",136
609,20032758,청운음식점,,Q,음식,Q01,한식,Q01A01,한식/백반/한정식,I56111,한식 음식점업,11,서울특별시,11590,동작구,1159053000,상도1동,1159010200,상도동,1159010200105050007,1,대지,505,7,서울특별시 동작구 상도동 505-7,115904157390,서울특별시 동작구 상도로67길,32,,1159010200105050007020397,,서울특별시 동작구 상도로67길 32,156030,07027,,1,,126.9566327811,37.494965699188,청운음식점%20상도1동,https://m.place.naver.com/restaurant/37370256,한식,50
611,20034500,찌개대학부대과,,Q,음식,Q01,한식,Q01A07,부대찌개/섞어찌개,I56111,한식 음식점업,11,서울특별시,11590,동작구,1159053000,상도1동,1159010200,상도동,1159010200105040007,1,대지,504,7,서울특별시 동작구 상도동 504-7,115904157384,서울특별시 동작구 상도로61길,32,,1159010200105040007019627,,서울특별시 동작구 상도로61길 32,156030,07027,,2,,126.956612673245,37.4947853114879,찌개대학부대과%20상도1동,https://m.place.naver.com/restaurant/20590408,"찌개,전골",60
615,20039736,피자스쿨,숭실대점,Q,음식,Q07,패스트푸드,Q07A01,피자전문,I56192,"피자, 햄버거, 샌드위치 및 유사 음식점업",11,서울특별시,11590,동작구,1159053000,상도1동,1159010200,상도동,1159010200104880000,1,대지,488,,서울특별시 동작구 상도동 488,115903119005,서울특별시 동작구 상도로,357,,1159010200104880000020705,강남상가아파트,서울특별시 동작구 상도로 357,156030,06978,,1,,126.95349547457,37.4969292690837,피자스쿨%20상도1동,https://m.place.naver.com/restaurant/18697595,피자,15
616,20044179,이레김밥,,Q,음식,Q04,분식,Q04A01,라면김밥분식,I56194,분식 및 김밥 전문점,11,서울특별시,11590,동작구,1159053000,상도1동,1159010200,상도동,1159010200105030000,1,대지,503,,서울특별시 동작구 상도동 503,115904157387,서울특별시 동작구 상도로63길,15,,1159010200105030000019746,인덕교회,서울특별시 동작구 상도로63길 15,156030,07027,,1,,126.95630850366,37.4947015300274,이레김밥%20상도1동,https://m.place.naver.com/restaurant/1833901988,종합분식,53
617,20044188,태능솔밭갈비,,Q,음식,Q01,한식,Q01A02,갈비/삼겹살,I56111,한식 음식점업,11,서울특별시,11590,동작구,1159053000,상도1동,1159010300,상도1동,1159010300106680000,1,대지,668,,서울특별시 동작구 상도1동 668,115904157348,서울특별시 동작구 상도로37길,7,,1159010300106680000029282,,서울특별시 동작구 상도로37길 7,156830,06968,,1,,126.948808521009,37.5029336948712,태능솔밭갈비%20상도1동,https://m.place.naver.com/restaurant/18706549,"육류,고기요리",282
618,20044442,상도치킨호프,,Q,음식,Q09,유흥주점,Q09A01,호프/맥주,I56219,기타 주점업,11,서울특별시,11590,동작구,1159053000,상도1동,1159010300,상도1동,1159010300106450003,1,대지,645,3,서울특별시 동작구 상도1동 645-3,115903119010,서울특별시 동작구 흑석로,4,,1159010300106450003029195,중부하이퍼,서울특별시 동작구 흑석로 4,156830,06969,,1,,126.951159241319,37.5046755938561,상도치킨호프%20상도1동,https://m.place.naver.com/restaurant/1204133019,"맥주,호프",28
619,20045699,스팅,,Q,음식,Q06,양식,Q06A01,정통양식/경양식,I56114,서양식 음식점업,11,서울특별시,11590,동작구,1159053000,상도1동,1159010200,상도동,1159010200105010001,1,대지,501,1,서울특별시 동작구 상도동 501-1,115903119004,서울특별시 동작구 사당로,8,,1159010200105010001020912,,서울특별시 동작구 사당로 8,156030,07027,,2,,126.955293492757,37.4953142829304,스팅%20상도1동,https://m.place.naver.com/restaurant/32794172,바(BAR),25
620,20048192,오니기리와이규동숭실대점,숭실대점,Q,음식,Q01,한식,Q01A01,한식/백반/한정식,I56111,한식 음식점업,11,서울특별시,11590,동작구,1159053000,상도1동,1159010200,상도동,1159010200105010002,1,대지,501,2,서울특별시 동작구 상도동 501-2,115903119004,서울특별시 동작구 사당로,6,1,1159010200105010002019642,,서울특별시 동작구 사당로 6-1,156030,07027,,1,,126.955157552813,37.4953311016695,오니기리와이규동숭실대점%20상도1동,https://m.place.naver.com/restaurant/19022009,오니기리,51
621,20080087,고향삼계탕,,Q,음식,Q05,닭/오리요리,Q05A01,삼계탕전문,I56111,한식 음식점업,11,서울특별시,11590,동작구,1159053000,상도1동,1159010200,상도동,1159010200105040006,1,대지,504,6,서울특별시 동작구 상도동 504-6,115904157384,서울특별시 동작구 상도로61길,34,,1159010200105040006019632,,서울특별시 동작구 상도로61길 34,156030,07027,,1,,126.956782533906,37.4947687906187,고향삼계탕%20상도1동,https://m.place.naver.com/restaurant/926766605,"백숙,삼계탕",187
622,20097422,광양불고기,,Q,음식,Q01,한식,Q01A02,갈비/삼겹살,I56111,한식 음식점업,11,서울특별시,11590,동작구,1159053000,상도1동,1159010200,상도동,1159010200104740016,1,대지,474,16,서울특별시 동작구 상도동 474-16,115904157379,서울특별시 동작구 상도로56길,4,,1159010200104740016020510,,서울특별시 동작구 상도로56길 4,156030,07040,,1,,126.952713753435,37.4962195223416,광양불고기%20상도1동,https://m.place.naver.com/restaurant/31864103,"육류,고기요리",73
624,20277969,마루스시,,Q,음식,Q03,일식/수산물,Q03A03,음식점-초밥전문,I56113,일식 음식점업,11,서울특별시,11590,동작구,1159053000,상도1동,1159010200,상도동,1159010200104850000,1,대지,485,,서울특별시 동작구 상도동 485,115904157348,서울특별시 동작구 상도로37길,79,,1159010200104850000019658,,서울특별시 동작구 상도로37길 79,156030,06977,,1,,126.953476497392,37.4974787414234,마루스시%20상도1동,https://m.place.naver.com/restaurant/31842610,"초밥,롤",286
625,20321928,이삭토스트숭실대점,숭실대점,Q,음식,Q06,양식,Q06A07,기타전문서양음식점,I56114,서양식 음식점업,11,서울특별시,11590,동작구,1159053000,상도1동,1159010200,상도동,1159010200105010002,1,대지,501,2,서울특별시 동작구 상도동 501-2,115903119004,서울특별시 동작구 사당로,6,1,1159010200105010002019642,,서울특별시 동작구 사당로 6-1,156881,07027,,,,126.955157552813,37.4953311016695,이삭토스트숭실대점%20상도1동,https://m.place.naver.com/restaurant/13160481,토스트,408
629,20379604,스타벅스숭실대점,숭실대점,Q,음식,Q12,커피점/카페,Q12A01,커피전문점/카페/다방,I56220,비알콜 음료점업,11,서울특별시,11590,동작구,1159053000,상도1동,1159010200,상도동,1159010200105010009,1,대지,501,9,서울특별시 동작구 상도동 501-9,115903119004,서울특별시 동작구 사당로,4,,1159010200105010009019427,,서울특별시 동작구 사당로 4,156030,07027,,1,,126.954839940859,37.4954003760894,스타벅스숭실대점%20상도1동,https://m.place.naver.com/restaurant/11807588,카페,"2,192"
630,20383878,중대양곱창,,Q,음식,Q01,한식,Q01A03,곱창/양구이전문,I56111,한식 음식점업,11,서울특별시,11590,동작구,1159053000,상도1동,1159010300,상도1동,1159010300106390005,1,대지,639,5,서울특별시 동작구 상도1동 639-5,115904157360,서울특별시 동작구 상도로41마길,1,,1159010300106390005029201,,서울특별시 동작구 상도로41마길 1,156830,06969,,1,,126.950396423221,37.5042273042724,중대양곱창%20상도1동,https://m.place.naver.com/restaurant/18707049,"곱창,막창,양",191
631,20394680,토모니베이커리,,Q,음식,Q08,제과제빵떡케익,Q08A01,제과점,I56191,제과점업,11,서울특별시,11590,동작구,1159053000,상도1동,1159010200,상도동,1159010200104890010,1,대지,489,10,서울특별시 동작구 상도동 489-10,115903119005,서울특별시 동작구 상도로,370,,1159010200104890009019889,,서울특별시 동작구 상도로 370,156030,07040,,1,,126.953738847849,37.4956969862362,토모니베이커리%20상도1동,https://m.place.naver.com/restaurant/13156678,베이커리,535
634,20474590,소문난순대집,,Q,음식,Q10,별식/퓨전요리,Q10A05,순대전문점,I56111,한식 음식점업,11,서울특별시,11590,동작구,1159053000,상도1동,1159010200,상도동,1159010200100670001,1,대지,67,1,서울특별시 동작구 상도동 67-1,115904157348,서울특별시 동작구 상도로37길,65,,1159010200100670001020923,소호리빙텔,서울특별시 동작구 상도로37길 65,156030,06971,,1,,126.952534288097,37.498542639736,소문난순대집%20상도1동,https://m.place.naver.com/restaurant/19024367,"순대,순댓국",75
636,20504395,쉬어가는모퉁이커피한잔,,Q,음식,Q12,커피점/카페,Q12A01,커피전문점/카페/다방,I56220,비알콜 음료점업,11,서울특별시,11590,동작구,1159053000,상도1동,1159010200,상도동,1159010200104860009,1,대지,486,9,서울특별시 동작구 상도동 486-9,115904157378,서울특별시 동작구 상도로55길,1,,1159010200104860009033994,강현빌딩,서울특별시 동작구 상도로55길 1,156030,06977,,1,,126.953412171715,37.4972258775655,쉬어가는모퉁이커피한잔%20상도1동,https://m.place.naver.com/restaurant/20826310,카페,54
638,20595000,토마토호프,,Q,음식,Q09,유흥주점,Q09A01,호프/맥주,I56219,기타 주점업,11,서울특별시,11590,동작구,1159053000,상도1동,1159010300,상도1동,1159010300104010002,1,대지,401,2,서울특별시 동작구 상도1동 401-2,115904157356,서울특별시 동작구 상도로41길,12,,1159010300104010003029269,신병철한의원,서울특별시 동작구 상도로41길 12,156836,06970,,1,,126.949911175301,37.5017270863038,토마토호프%20상도1동,https://m.place.naver.com/restaurant/13157409,"맥주,호프",33
640,20666661,엉터리생고기숭실대점,숭실대점,Q,음식,Q01,한식,Q01A02,갈비/삼겹살,I56111,한식 음식점업,11,서울특별시,11590,동작구,1159053000,상도1동,1159010200,상도동,1159010200104770000,1,대지,477,,서울특별시 동작구 상도동 477,115904157348,서울특별시 동작구 상도로37길,66,,1159010200104770000034386,천원마트,서울특별시 동작구 상도로37길 66,156030,06971,,1,,126.952343061028,37.4984688599681,엉터리생고기숭실대점%20상도1동,https://m.place.naver.com/restaurant/21033957,"육류,고기요리",107
641,20682718,종로떡집,,Q,음식,Q08,제과제빵떡케익,Q08A03,떡전문,I56191,제과점업,11,서울특별시,11590,동작구,1159053000,상도1동,1159010200,상도동,1159010200100670001,1,대지,67,1,서울특별시 동작구 상도동 67-1,115904157348,서울특별시 동작구 상도로37길,65,,1159010200100670001020923,소호리빙텔,서울특별시 동작구 상도로37길 65,156030,06971,,1,,126.952534288097,37.498542639736,종로떡집%20상도1동,https://m.place.naver.com/restaurant/37567021,"떡,한과",194
642,20686440,손칼국수,,Q,음식,Q04,분식,Q04A02,국수/만두/칼국수,I56194,분식 및 김밥 전문점,11,서울특별시,11590,동작구,1159053000,상도1동,1159010200,상도동,1159010200105060004,1,대지,506,4,서울특별시 동작구 상도동 506-4,115903119004,서울특별시 동작구 사당로,32,,1159010200105060004020077,,서울특별시 동작구 사당로 32,156030,07027,,1,,126.957831612103,37.4949582603648,손칼국수%20상도1동,https://m.place.naver.com/restaurant/18704841,"칼국수,만두",158
643,20686897,큐피드,,Q,음식,Q09,유흥주점,Q09A01,호프/맥주,I56219,기타 주점업,11,서울특별시,11590,동작구,1159053000,상도1동,1159010200,상도동,1159010200105020000,1,대지,502,,서울특별시 동작구 상도동 502,115903119004,서울특별시 동작구 사당로,18,1,1159010200105020000019659,,서울특별시 동작구 사당로 18-1,156881,07027,,,,126.956426365181,37.4951711175164,큐피드%20상도1동,https://m.place.naver.com/restaurant/1068164703,null,null
645,20699223,제이엠,,Q,음식,Q01,한식,Q01A01,한식/백반/한정식,I56111,한식 음식점업,11,서울특별시,11590,동작구,1159053000,상도1동,1159010200,상도동,1159010200105020007,1,대지,502,7,서울특별시 동작구 상도동 502-7,115903119004,서울특별시 동작구 사당로,12,1,1159010200105020007020826,,서울특별시 동작구 사당로 12-1,156030,07027,,2,,126.95580295343,37.4952737347442,제이엠%20상도1동,https://m.place.naver.com/restaurant/20918601,null,null
661,20833535,피쉬앤그릴,상도역점,Q,음식,Q09,유흥주점,Q09A02,소주방/포장마차,I56219,기타 주점업,11,서울특별시,11590,동작구,1159053000,상도1동,1159010300,상도1동,1159010300106820000,1,대지,682,,서울특별시 동작구 상도1동 682,115903005080,서울특별시 동작구 양녕로,265,,1159010300106820000029182,용문한의원,서울특별시 동작구 양녕로 265,156830,06919,,1,,126.948231845846,37.5037304948692,피쉬앤그릴%20상도1동,https://m.place.naver.com/restaurant/33331515,요리주점,17
667,21865077,뚜레쥬르상도래미안점,상도래미안점,Q,음식,Q08,제과제빵떡케익,Q08A01,제과점,I56191,제과점업,11,서울특별시,11590,동작구,1159053000,상도1동,1159010200,상도동,1159010200104770017,1,대지,477,17,서울특별시 동작구 상도동 477-17,115904157348,서울특별시 동작구 상도로37길,74,,1159010200104770017033646,유내과의원,서울특별시 동작구 상도로37길 74,156030,06971,,1,,126.952814358623,37.4979233985215,뚜레쥬르상도래미안점%20상도1동,https://m.place.naver.com/restaurant/11834678,베이커리,"1,710"
671,21902289,BBQ치킨,숭실대점,Q,음식,Q05,닭/오리요리,Q05A08,후라이드/양념치킨,I56193,치킨 전문점,11,서울특별시,11590,동작구,1159053000,상도1동,1159010300,상도1동,1159010300103470000,1,대지,347,,서울특별시 동작구 상도1동 347,115904157364,서울특별시 동작구 상도로47길,21,,1159010300103470000029321,주영머리방,서울특별시 동작구 상도로47길 21,156836,06970,,1,,126.95185362181,37.500311669672,BBQ치킨%20상도1동,https://m.place.naver.com/restaurant/11799070,"치킨,닭강정",188
672,21910816,맘스터치,숭실대점,Q,음식,Q05,닭/오리요리,Q05A08,후라이드/양념치킨,I56193,치킨 전문점,11,서울특별시,11590,동작구,1159053000,상도1동,1159010200,상도동,1159010200105110000,1,대지,511,,서울특별시 동작구 상도동 511,115903119005,서울특별시 동작구 상도로,369,,1159010200105110000020269,숭실대학교,서울특별시 동작구 상도로 369,156743,06978,,,,126.955142364475,37.4964212381391,맘스터치%20상도1동,https://m.place.naver.com/restaurant/1045661121,"치킨,닭강정","1,546"
700,23018389,이디야커피,상도역점,Q,음식,Q12,커피점/카페,Q12A01,커피전문점/카페/다방,I56220,비알콜 음료점업,11,서울특별시,11590,동작구,1159053000,상도1동,1159010300,상도1동,1159010300107530000,1,대지,753,,서울특별시 동작구 상도1동 753,115903119005,서울특별시 동작구 상도로,277,,1159010300107530000034302,,서울특별시 동작구 상도로 277,156830,06968,,1,,126.948324023336,37.5028032354817,이디야커피%20상도1동,https://m.place.naver.com/restaurant/34356018,카페,358
706,23175082,피자알볼로,상도점,Q,음식,Q07,패스트푸드,Q07A01,피자전문,I56192,"피자, 햄버거, 샌드위치 및 유사 음식점업",11,서울특별시,11590,동작구,1159053000,상도1동,1159010300,상도1동,1159010300103690000,1,대지,369,,서울특별시 동작구 상도1동 369,115903119005,서울특별시 동작구 상도로,305,,1159010300103690000029320,,서울특별시 동작구 상도로 305,156836,06970,,1,,126.950151849575,37.5006930191159,피자알볼로%20상도1동,https://m.place.naver.com/restaurant/1512494438,피자,84
707,23220822,카페숨,,Q,음식,Q12,커피점/카페,Q12A01,커피전문점/카페/다방,I56220,비알콜 음료점업,11,서울특별시,11590,동작구,1159053000,상도1동,1159010200,상도동,1159010200104630011,1,대지,463,11,서울특별시 동작구 상도동 463-11,115903119005,서울특별시 동작구 상도로,329,,1159010200104630011020578,,서울특별시 동작구 상도로 329,156030,06971,,1,,126.951691081169,37.4989946951539,카페숨%20상도1동,https://m.place.naver.com/restaurant/19026231,"카페,디저트",101
710,23243424,코웍비스트로,,Q,음식,Q01,한식,Q01A01,한식/백반/한정식,I56111,한식 음식점업,11,서울특별시,11590,동작구,1159053000,상도1동,1159010200,상도동,1159010200105050000,1,대지,505,,서울특별시 동작구 상도동 505,115903119004,서울특별시 동작구 사당로,30,,1159010200105050000020304,,서울특별시 동작구 사당로 30,156030,07027,,3,,126.957594783589,37.4949111182942,코웍비스트로%20상도1동,https://m.place.naver.com/restaurant/34745009,닭갈비,30
712,23250165,"왕돈까스,왕냉면",,Q,음식,Q06,양식,Q06A02,돈가스전문점,I56114,서양식 음식점업,11,서울특별시,11590,동작구,1159053000,상도1동,1159010200,상도동,1159010200105040000,1,대지,504,,서울특별시 동작구 상도동 504,115904157383,서울특별시 동작구 상도로61가길,2,,1159010200105040000020378,,서울특별시 동작구 상도로61가길 2,156030,07027,,1,,126.957530821664,37.494631228191,"왕돈까스,왕냉면%20상도1동",https://m.place.naver.com/restaurant/20253938,돈가스,949
714,23294142,코코스호프,,Q,음식,Q09,유흥주점,Q09A01,호프/맥주,I56219,기타 주점업,11,서울특별시,11590,동작구,1159053000,상도1동,1159010200,상도동,1159010200100070136,1,대지,7,136,서울특별시 동작구 상도동 7-136,115903119010,서울특별시 동작구 흑석로,24,,1159010200100070136028736,,서울특별시 동작구 흑석로 24,156030,06969,,,,126.953226615185,37.5048471109003,코코스호프%20상도1동,https://m.place.naver.com/restaurant/1011642316,"맥주,호프",83
715,23302474,숭실골고기마을,,Q,음식,Q01,한식,Q01A01,한식/백반/한정식,I56111,한식 음식점업,11,서울특별시,11590,동작구,1159053000,상도1동,1159010200,상도동,1159010200105060006,1,대지,506,6,서울특별시 동작구 상도동 506-6,115904157384,서울특별시 동작구 상도로61길,55,,1159010200105060006020287,,서울특별시 동작구 상도로61길 55,156030,07027,,1,,126.957935882073,37.4947789700674,숭실골고기마을%20상도1동,https://m.place.naver.com/restaurant/259827698,"육류,고기요리",34
717,23313792,다채,상도점,Q,음식,Q01,한식,Q01A01,한식/백반/한정식,I56111,한식 음식점업,11,서울특별시,11590,동작구,1159053000,상도1동,1159010200,상도동,1159010200104700009,1,대지,470,9,서울특별시 동작구 상도동 470-9,115904157374,서울특별시 동작구 상도로52길,28,,1159010200104700009019319,,서울특별시 동작구 상도로52길 28,156030,07033,,1,,126.950595802082,37.4972549550106,다채%20상도1동,https://m.place.naver.com/restaurant/1295925803,샤브샤브,534
718,23321483,코코호도상도역점,상도역점,Q,음식,Q08,제과제빵떡케익,Q08A01,제과점,I56191,제과점업,11,서울특별시,11590,동작구,1159053000,상도1동,1159010300,상도1동,1159010300107010003,1,대지,701,3,서울특별시 동작구 상도1동 701-3,115903119005,서울특별시 동작구 상도로,267,,1159010300107010003029178,배스킨라빈스아이스크림,서울특별시 동작구 상도로 267,156871,06919,,1,,126.947668563072,37.5035722997959,코코호도상도역점%20상도1동,https://m.place.naver.com/restaurant/33630161,호두과자,475
721,23403508,우리보쌈&밥상,,Q,음식,Q01,한식,Q01A08,족발/보쌈전문,I56111,한식 음식점업,11,서울특별시,11590,동작구,1159053000,상도1동,1159010200,상도동,1159010200104740015,1,대지,474,15,서울특별시 동작구 상도동 474-15,115904157379,서울특별시 동작구 상도로56길,2,,1159010200104740015020944,반석빌딩,서울특별시 동작구 상도로56길 2,156030,07040,,1,,126.952824186902,37.4964097218352,우리보쌈&밥상%20상도1동,https://m.place.naver.com/restaurant/1624741295,"족발,보쌈",201
724,23437027,맥도날드숭실대점,숭실대점,Q,음식,Q07,패스트푸드,Q07A04,패스트푸드,I56199,그외 기타 음식점업,11,서울특별시,11590,동작구,1159053000,상도1동,1159010200,상도동,1159010200105050005,1,대지,505,5,서울특별시 동작구 상도동 505-5,115903119004,서울특별시 동작구 사당로,22,,1159010200105050005020810,창주빌딩,서울특별시 동작구 사당로 22,156030,07027,,1,,126.956879663385,37.4951030370112,맥도날드숭실대점%20상도1동,https://m.place.naver.com/restaurant/36123726,햄버거,"2,034"
726,23474247,엄마손백반,,Q,음식,Q01,한식,Q01A01,한식/백반/한정식,I56111,한식 음식점업,11,서울특별시,11590,동작구,1159053000,상도1동,1159010200,상도동,1159010200101340239,1,대지,134,239,서울특별시 동작구 상도동 134-239,115904157382,서울특별시 동작구 상도로60길,10,,1159010200101340239033807,,서울특별시 동작구 상도로60길 10,156030,07040,,1,,126.954098677785,37.4942224500936,엄마손백반%20상도1동,https://m.place.naver.com/restaurant/341798928,"백반,가정식",51
729,23498958,가마로강정,,Q,음식,Q05,닭/오리요리,Q05A08,후라이드/양념치킨,I56193,치킨 전문점,11,서울특별시,11590,동작구,1159053000,상도1동,1159010300,상도1동,1159010300107730002,1,대지,773,2,서울특별시 동작구 상도1동 773-2,115903119005,서울특별시 동작구 상도로,283,,1159010300107730002028443,,서울특별시 동작구 상도로 283,156830,06968,,1,,126.948670227049,37.5023107404556,가마로강정%20상도1동,https://m.place.naver.com/restaurant/36215164,"치킨,닭강정",393
733,23711317,선김밥,,Q,음식,Q04,분식,Q04A01,라면김밥분식,I56194,분식 및 김밥 전문점,11,서울특별시,11590,동작구,1159053000,상도1동,1159010300,상도1동,1159010300107930001,1,대지,793,1,서울특별시 동작구 상도1동 793-1,115903119005,서울특별시 동작구 상도로,293,,1159010300107930001029271,몽블랑베이커리,서울특별시 동작구 상도로 293,156830,06968,,1,,126.949335837927,37.50162285498,선김밥%20상도1동,https://m.place.naver.com/restaurant/1951103457,김밥,336
805,25639660,김밥이야기,,Q,음식,Q04,분식,Q04A01,라면김밥분식,I56194,분식 및 김밥 전문점,11,서울특별시,11590,동작구,1159053000,상도1동,1159010300,상도1동,1159010300106350000,1,대지,635,,서울특별시 동작구 상도1동 635,115903005080,서울특별시 동작구 양녕로,280,1,1159010300106350000029204,,서울특별시 동작구 양녕로 280-1,156830,06968,,2,,126.950045095406,37.5042782448639,김밥이야기%20상도1동,https://m.place.naver.com/restaurant/1144013155,김밥,140
813,25703620,고향삼계탕,,Q,음식,Q05,닭/오리요리,Q05A01,삼계탕전문,I56111,한식 음식점업,11,서울특별시,11590,동작구,1159053000,상도1동,1159010300,상도1동,1159010300106650002,1,대지,665,2,서울특별시 동작구 상도1동 665-2,115903005080,서울특별시 동작구 양녕로,268,1,1159010300106650002029285,양진유통,서울특별시 동작구 양녕로 268-1,156830,06968,,3,,126.948992177962,37.5035480422177,고향삼계탕%20상도1동,https://m.place.naver.com/restaurant/926766605,"백숙,삼계탕",187
822,25744542,싱싱수산,,Q,음식,Q03,일식/수산물,Q03A01,횟집,I56111,한식 음식점업,11,서울특별시,11590,동작구,1159053000,상도1동,1159010300,상도1동,1159010300107450001,1,대지,745,1,서울특별시 동작구 상도1동 745-1,115903119005,서울특별시 동작구 상도로,276,,1159010300107450001028430,,서울특별시 동작구 상도로 276,156871,07032,,,,126.947714881092,37.5026896847794,싱싱수산%20상도1동,https://m.place.naver.com/restaurant/1375580058,생선회,115
830,25810760,조안찐빵만두상도점,상도점,Q,음식,Q04,분식,Q04A02,국수/만두/칼국수,I56194,분식 및 김밥 전문점,11,서울특별시,11590,동작구,1159053000,상도1동,1159010300,상도1동,1159010300103890001,1,대지,389,1,서울특별시 동작구 상도1동 389-1,115903119005,서울특별시 동작구 상도로,296,1,1159010300103890021028344,,서울특별시 동작구 상도로 296-1,156031,07032,,1,,126.949002775875,37.501178378096,조안찐빵만두상도점%20상도1동,https://m.place.naver.com/restaurant/20857400,찐빵,81
833,25853044,황궁,,Q,음식,Q02,중식,Q02A00,중국음식/중국집,I56112,중식 음식점업,11,서울특별시,11590,동작구,1159053000,상도1동,1159010200,상도동,1159010200105060001,1,대지,506,1,서울특별시 동작구 상도동 506-1,115903119004,서울특별시 동작구 사당로,36,,1159010200105060001020021,,서울특별시 동작구 사당로 36,156030,07027,,2,,126.958296215223,37.4948902741355,황궁%20상도1동,https://m.place.naver.com/restaurant/36771888,중식당,261
837,25885750,명동식당,,Q,음식,Q01,한식,Q01A01,한식/백반/한정식,I56111,한식 음식점업,11,서울특별시,11590,동작구,1159053000,상도1동,1159010200,상도동,1159010200105060000,1,대지,506,,서울특별시 동작구 상도동 506,115903119004,서울특별시 동작구 사당로,36,1,1159010200105060000019535,서정캐슬,서울특별시 동작구 사당로 36-1,156030,07027,,3,,126.958454893577,37.4948646417469,명동식당%20상도1동,https://m.place.naver.com/restaurant/1414429133,국수,547
846,26179248,벙커,,Q,음식,Q01,한식,Q01A01,한식/백반/한정식,I56111,한식 음식점업,11,서울특별시,11590,동작구,1159053000,상도1동,1159010200,상도동,1159010200104890007,1,대지,489,7,서울특별시 동작구 상도동 489-7,115903119005,서울특별시 동작구 상도로,368,,1159010200104890007020130,,서울특별시 동작구 상도로 368,156030,07040,,-1,,126.953589588074,37.4958578532161,벙커%20상도1동,https://m.place.naver.com/restaurant/35750906,"맥주,호프",3
847,26193523,북경반점,,Q,음식,Q02,중식,Q02A00,중국음식/중국집,I56112,중식 음식점업,11,서울특별시,11590,동작구,1159053000,상도1동,1159010200,상도동,1159010200100070107,1,대지,7,107,서울특별시 동작구 상도동 7-107,115904157371,서울특별시 동작구 상도로47아길,37,,1159010200100070107028413,대영빌라,서울특별시 동작구 상도로47아길 37,156030,06969,가,,,126.953017534961,37.504430775441,북경반점%20상도1동,https://m.place.naver.com/restaurant/77948658,중식당,279
849,26224419,상도실내포장마차,,Q,음식,Q09,유흥주점,Q09A07,기타일반유흥주점,I56211,일반유흥 주점업,11,서울특별시,11590,동작구,1159053000,상도1동,1159010300,상도1동,1159010300107800002,1,대지,780,2,서울특별시 동작구 상도1동 780-2,115903119005,서울특별시 동작구 상도로,284,,1159010300107840001028593,,서울특별시 동작구 상도로 284,156830,07032,,,,126.94847362461,37.5018134136355,상도실내포장마차%20상도1동,https://m.place.naver.com/restaurant/34284481,포장마차,294
854,26361688,이모네집,,Q,음식,Q01,한식,Q01A01,한식/백반/한정식,I56111,한식 음식점업,11,서울특별시,11590,동작구,1159053000,상도1동,1159010200,상도동,1159010200105080004,1,대지,508,4,서울특별시 동작구 상도동 508-4,115903119004,서울특별시 동작구 사당로,42,,1159010200105080004000001,,서울특별시 동작구 사당로 42,156030,07027,,1,,126.958966600884,37.4946619105607,이모네집%20상도1동,https://m.place.naver.com/restaurant/20510599,"족발,보쌈",82
856,26367540,이디야커피,중대후문점,Q,음식,Q12,커피점/카페,Q12A01,커피전문점/카페/다방,I56220,비알콜 음료점업,11,서울특별시,11590,동작구,1159053000,상도1동,1159010200,상도동,1159010200100070087,1,대지,7,87,서울특별시 동작구 상도동 7-87,115903119010,서울특별시 동작구 흑석로,20,,1159010200100070087000001,,서울특별시 동작구 흑석로 20,156030,06969,,,,126.953012124717,37.5048181784681,이디야커피%20상도1동,https://m.place.naver.com/restaurant/34356018,카페,358
857,26387165,정통왕족발,,Q,음식,Q01,한식,Q01A08,족발/보쌈전문,I56111,한식 음식점업,11,서울특별시,11590,동작구,1159053000,상도1동,1159010300,상도1동,1159010300102680002,1,대지,268,2,서울특별시 동작구 상도1동 268-2,115904157364,서울특별시 동작구 상도로47길,3,,1159010300102680002029243,성원인테리어,서울특별시 동작구 상도로47길 3,156031,06970,,1,,126.951183828228,37.4996840006016,정통왕족발%20상도1동,https://m.place.naver.com/restaurant/36504877,"족발,보쌈",41
860,26470458,탭하우스더슈라인,,Q,음식,Q06,양식,Q06A01,정통양식/경양식,I56114,서양식 음식점업,11,서울특별시,11590,동작구,1159053000,상도1동,1159010300,상도1동,1159010300106790000,1,대지,679,,서울특별시 동작구 상도1동 679,115903005080,서울특별시 동작구 양녕로,269,,1159010300106790000029184,예건빌,서울특별시 동작구 양녕로 269,156830,06919,,1,,126.948635925163,37.5039503437661,탭하우스더슈라인%20상도1동,https://m.place.naver.com/restaurant/37704358,바(BAR),124
862,26481243,피자헛,,Q,음식,Q07,패스트푸드,Q07A04,패스트푸드,I56199,그외 기타 음식점업,11,서울특별시,11590,동작구,1159053000,상도1동,1159010300,상도1동,1159010300106820000,1,대지,682,,서울특별시 동작구 상도1동 682,115903005080,서울특별시 동작구 양녕로,265,,1159010300106820000029182,용문한의원,서울특별시 동작구 양녕로 265,156830,06919,,,,126.948231845846,37.5037304948692,피자헛%20상도1동,https://m.place.naver.com/restaurant/11625117,피자,586
888,28403313,가마로강정숭실대,,Q,음식,Q05,닭/오리요리,Q05A08,후라이드/양념치킨,I56193,치킨 전문점,11,서울특별시,11590,동작구,1159053000,상도1동,1159010200,상도동,1159010200104880000,1,대지,488,,서울특별시 동작구 상도동 488,115903119005,서울특별시 동작구 상도로,357,,1159010200104880000020705,강남상가아파트,서울특별시 동작구 상도로 357,156030,06978,,1,,126.95349547457,37.4969292690837,가마로강정숭실대%20상도1동,https://m.place.naver.com/restaurant/36215164,"치킨,닭강정",393
891,28475329,사리원,,Q,음식,Q04,분식,Q04A02,국수/만두/칼국수,I56194,분식 및 김밥 전문점,11,서울특별시,11590,동작구,1159053000,상도1동,1159010300,상도1동,1159010300102440001,1,대지,244,1,서울특별시 동작구 상도1동 244-1,115904157373,서울특별시 동작구 상도로50길,2,15,1159010300102440001028371,,서울특별시 동작구 상도로50길 2-15,156836,07033,,1,,126.950614556601,37.4991473257061,사리원%20상도1동,https://m.place.naver.com/restaurant/12041152,만두,737
892,28482718,황새골,,Q,음식,Q01,한식,Q01A01,한식/백반/한정식,I56111,한식 음식점업,11,서울특별시,11590,동작구,1159053000,상도1동,1159010200,상도동,1159010200104770017,1,대지,477,17,서울특별시 동작구 상도동 477-17,115904157348,서울특별시 동작구 상도로37길,74,,1159010200104770017033646,유내과의원,서울특별시 동작구 상도로37길 74,156030,06971,,,,126.952814358623,37.4979233985215,황새골%20상도1동,https://m.place.naver.com/restaurant/32117320,"칼국수,만두",340
899,8783056,빅컵,,Q,음식,Q09,유흥주점,Q09A01,호프/맥주,I56219,기타 주점업,11,서울특별시,11590,동작구,1159053000,상도1동,1159010200,상도동,1159010200104890001,1,대지,489,1,서울특별시 동작구 상도동 489-1,115903119005,서울특별시 동작구 상도로,362,1,1159010300104890001029200,빅컵,서울특별시 동작구 상도로 362-1,156882,07040,,1,,126.952210582739,37.5047119558202,빅컵%20상도1동,https://m.place.naver.com/restaurant/13159446,카페,137
